title,author,genre,prologue,acts,prose_vers,musique_danse_machine
"Aben-Saïd, empereur des Mogols",Leblanc (abbé Jean-Bernard),tragédie,0,5,vers,0
Achille dans l'île de Scyros,Merville (Michel Guyot de),comédie héroïque,0,3,vers,0
"Adherbal, roi de Numibie",La Grange-Chancel (Joseph de),tragédie,0,5,vers,0
Adrien,Campistron (Jean-Galbert de),tragédie,0,5,vers,0
Aégiste,Séguineau (Mr) ; Pralard (René),tragédie,0,5,vers,0
Aétius,Campistron (Jean-Galbert de),tragédie,0,5,vers,0
Agamemnon,Quinault (Philippe),tragédie,0,5,vers,0
Agathocle,Aubry des Carrières (Jean-Baptiste),tragédie,0,5,vers,0
Agrippa ou la mort d'Auguste,Riupeirous (Théodore),tragédie,0,5,vers,0
Ajax,La Chapelle (Jean de),tragédie,0,5,vers,0
Alceste,La Grange-Chancel (Joseph de),tragédie,0,5,vers,0
Alceste et Admète,Boissy (Louis de),tragédie,0,5,vers,0
Alcibiade,Poisson (Philippe),comédie,0,3,vers,0
Alcibiade,Campistron (Jean-Galbert de),tragédie,0,5,vers,0
Alexandre le Grand,Racine (Jean),tragédie,0,5,vers,0
Amalasonte,Quinault (Philippe),tragédie,0,5,vers,0
Amour secret,Poisson (Philippe),comédie,0,1,vers,0
Andromède,Corneille (Pierre),tragédie,1,5,vers,0
Angélique et Médor,Dancourt (Florent Carton dit),comédie,0,1,prose,0
Annibal,Riupeirous (Théodore),tragédie,0,5,vers,0
Antigone,"Boyer (Claude, abbé) pseud : Pader d'Assézan",tragédie,0,5,vers,0
Antiochus et Cléopâtre,Deschamps (François-Michel-Chrétien),tragédie,0,5,vers,0
Antiochus ou Les Macchabées,Nadal (abbé Augustin),tragédie,0,5,vers,0
Argésilas,Corneille (Pierre),tragédie,0,5,vers,0
Ariarathe,Saint-Gilles (Lenfant de),tragédie,0,5,vers,0
Aristobule,"Abeille (Gaspard, abbé) ",tragédie,0,5,vers,0
Arminius,Campistron (Jean-Galbert de),tragédie,0,5,vers,0
Arrie et Pétus,"Barbier (Marie Anne, Mlle)",tragédie,0,5,vers,0
Artaxare,Pellegrin (Simon-Joseph),tragédie,0,5,vers,0
Artaxerce,"Boyer (Claude, abbé) ",tragédie,0,5,vers,0
Artaxerce,Deschamps (François-Michel-Chrétien),tragédie,0,5,vers,0
Artémire,Voltaire (François-Marie Arouet dit),tragédie,0,5,vers,0
Aspar,Fontenelle (Bernard le Bouvier de),tragédie,0,5,vers,0
Athénaïs,La Grange-Chancel (Joseph de),tragédie,0,5,vers,0
"Attila, roi des Huns",Corneille (Pierre),tragédie,0,5,vers,0
Bajazet premier,Pacarony (Chevalier de),tragédie,0,5,vers,0
Basile et Quitterie,Gaultier,tragi-comédie,1,3,vers,0
Bellérophon,Quinault (Philippe),tragédie,0,5,vers,0
Bradamante,Corneille (Thomas),tragédie,0,5,vers,0
Brutus,Bernard (Catherine),tragédie,0,5,vers,0
Callisthène,Piron (Alexis),tragédie,0,5,vers,0
"Camma, reine de Galatie",Corneille (Thomas),tragédie,0,5,vers,0
Cartouche ou les Voleurs,Le Grand (Marc-Antoine),comédie,0,3,prose,0
Cassius et Victorinus martyrs,La Grange-Chancel (Joseph de),tragédie,0,5,vers,0
Caton d'Utique,Deschamps (François-Michel-Chrétien),tragédie,0,5,vers,0
Céphale et Procris,Dancourt (Florent Carton dit),comédie,1,3,vers,0
Childéric,Morand (Pierre de),tragédie,0,5,vers,0
"Cléarque, tyran d'Héraclée","Gomez (Madeleine-Angélique, Mme de)",tragédie,0,5,vers,0
Cléopâtre,La Chapelle (Jean de),tragédie,0,5,vers,0
Corésus et Callirhoé,La Fosse (Antoine de La Fosse d'Aubigny dit),tragédie,0,5,vers,0
Coriolan,Anonyme,tragédie,0,5,vers,0
Coriolan,Chaligny des Plaines (François de),tragédie,0,5,vers,0
Cornélie mère des Gracques,"Barbier (Marie Anne, Mlle )",tragédie,0,5,vers,0
Cornélie vestale,Hénaut (Charles-Jean-François),tragédie,0,5,vers,0
Cosroès,Rotrou (Jean de) ; d'Ussé (Bernin de Valentine),tragédie,0,5,vers,0
Crispin musicien,Hauteroche (Noël Lebreton de),comédie,0,5,vers,0
Cyrus,Danchet (Antoine),tragédie,0,5,vers,0
Danaé ou Jupiter Crispin,La Font (Joseph de),comédie,1,1,vers,0
Demetrius,Aubry des Carrières (Jean-Baptiste),tragédie,0,5,vers,0
Don Bertrand de Cigaral,Corneille (Thomas),comédie,0,5,vers,0
Don César Ursin,Lesage (Alain-René),comédie,0,5,prose,0
Don Ramire et Zaïde,La Chazette ; Boissy (Louis de),tragédie,0,5,vers,0
Édouard III,Gresset (Jean-Baptiste-Louis),tragédie,0,5,vers,0
Électre,Longepierre (Hilaire-Bernard de),tragédie,0,5,vers,0
Endymion,Anonyme,tragédie,0,5,vers,0
Érigone,La Grange-Chancel (Joseph de),tragédie,0,5,vers,0
Ériphile,Voltaire (François-Marie Arouet dit),tragédie,0,5,vers,0
Ésope au Parnasse,Pesselier (Charles-Étienne),comédie,0,1,vers,0
Frontin gouverneur,Anonyme,comédie,0,1,0,0
Gabinie,Brueys (David-Augustin de),tragédie,0,5,vers,0
Germanicus,Pradon (Jacques),tragédie,0,5,vers,0
Géta,Péchantré (Nicolas de),tragédie,0,5,vers,0
Habis,"Gomez (Madeleine-Angélique, Mme de)",tragédie,0,5,vers,0
Hercule,"La Tuillerie (Jean-François Juvenon, sieur de)",tragédie,0,5,vers,0
Hercule et Omphale,Palaprat (Jean),comédie,0,5,vers,0
Hérode,Nadal (abbé Augustin),tragédie,0,5,vers,0
Héroïne,Anonyme,comédie,0,1,0,0
Idoménée,Crébillon père (Prosper Jolyot de Crébillon dit),tragédie,0,5,vers,0
Je vous prends sans verd,"La Fontaine (Jean de) ; Champmeslé (Charles Chevillet dit)",comédie,0,1,vers,0
Joconde,Fagan (Christophe-Barthélémy Fagan de Lugny dit),comédie,0,1,prose,0
Jonathas,Duché de Vancy (Joseph-François),tragédie,0,3,vers,0
Joseph,Genest (Charles-Claude abbé),tragédie,0,5,vers,0
Judith,"Boyer (Claude, abbé) ",tragédie,0,5,vers,0
Jugurtha,Palaprat (Jean),tragédie,0,5,vers,0
L'Accommodement imprévu,La Grange (Nicolas de),comédie,0,1,vers,0
L'Amant de sa femme ou la Rivale d'elle-même,Boissy (Louis de),comédie,0,1,prose,0
L'Amant indiscret ou le Maître étourdi,Quinault (Philippe),comédie,0,5,vers,0
L'Amant masqué,Dufresny (Charles Rivière),comédie,0,1,prose,0
L'Amante amant,Campistron (Jean-Galbert de),comédie,0,5,prose,0
L'Amante en tutelle,La Valette,comédie,1,3,vers,0
L'Amitié rivale de l'amour,Fagan (Christophe Barthélémy Fagan de Lugny dit),comédie,0,5,vers,0
L'Amour vengé,La Font (Joseph de),comédie,0,1,vers,0
L'Après-souper des auberges,Poisson (Raymond),comédie,0,1,vers,0
L'Assemblée des comédiens,Procope-Couteaux (Michel),prologue,1,1,0,0
L'Aventurière,De Visé (Jean Donneau),comédie,0,5,vers,0
L'Avocat sans étude,"Rosimond (Claude La Roze, sieur de) ",comédie,0,1,vers,0
L'Éclipse,Dancourt (Florent Carton dit),comédie,0,1,prose,0
L'École de l'hymen,Pellegrin (Simon-Joseph),comédie,1,3,prose / vers,0
L'École des amants,Jolly (François-Antoine),comédie,0,3,vers,0
L'École des jaloux ou le Cocu volontaire,Montfleury (Antoine Jacob),comédie,0,3,vers,0
L'École du monde,Voisenon (Claude-Henri de Fusée de),comédie,0,1,vers,0
L'Ecolier de Salamanque ou les Généreux ennemis,Scarron (Paul),"tragi-comédie",0,5,vers,0
L'Effet de la prévention,Anonyme,comédie,0,1,prose,0
L'Enfant gâté,Anonyme,comédie,0,1,prose,0
L'Entêté,Anonyme,comédie,0,1,prose,0
L'Entêtement ridicule,Anonyme,comédie,0,1,vers,0
L'Envieux ou la Critique du Philosophe marié,Destouches (Philippe Néricault dit),comédie,0,1,prose,0
L'Épreuve dangereuse,Anonyme,comédie,0,5,vers,0
L'Été des coquettes,Dancourt (Florent Carton dit),comédie,0,1,prose,0
L'Héritier ridicule ou la Dame intéressée,Scarron (Paul),comédie,0,5,vers,0
L'Heure du berger,Boizard de Ponteau (Claude Florimond) ; Panard (Charles-François),comédie,0,1,prose,0
L'Heureux échange,Anonyme,comédie,0,5,vers,0
L'Homme à bonnes fortunes ,Baron (Michel Boyron dit),comédie,0,5,prose,0
L'Île de la raison ou les Petits hommes,Marivaux (Pierre Carlet de Chamblain de),comédie,1,3,prose,0
L'Impatient,Boissy (Louis de),comédie,1,5,vers,0
L'Impertinent malgré lui ou les Amants mal assortis,Boissy (Louis de),comédie,0,5,vers,0
L'Impromptu de la Folie,Le Grand (Marc-Antoine),ambigu-comique,1,2,prose,0
L'Impromptu de Suresnes,Dancourt (Florent Carton dit),comédie-ballet,1,1,prose,0
L'Improptu de garnison,Anonyme,comédie,0,1,prose,0
L'Inconnu,Corneille (Thomas),comédie,x,5,vers,1
L'Italie galante,La Motte (Antoine Houdar de),ambigu-comique,1,3,prose,0
L'Ombre de Molière,Voisenon (Claude-Henri de Fusée de),prologue,0,1,vers,0
L'Ombre de Molière,"Brécourt (Guillaume Marcoureau, sieur de) ",comédie,0,1,prose,0
L'Opéra de village,Dancourt (Florent Carton dit),comédie,0,1,prose,0
L'Opérateur,Anonyme,comédie,0,1,0,0
L'Opérateur Barry,Dancourt (Florent Carton dit),comédie,1,1,prose,0
L'Opiniâtre,Brueys (David-Augustin de),comédie,0,3,vers,0
L'Oracle de Delphes,Moncrif (François-Augustin Paradis de),comédie,0,3,vers,0
L'Usurier,Corneille (Thomas) ; De Visé (Jean Donneau),comédie,0,5,vers,0
La Baguette,Dancourt (Florent Carton dit),comédie,0,1,prose,0
La Belle-mère,Dancourt (Florent Carton dit),comédie,0,5,vers,0
La Boîte de Pandore,Poisson (Philippe),comédie,0,1,prose,0
La Cassette,"Brécourt (Guillaume Marcoureau, sieur de) ",comédie,0,5,vers,0
La Chasse du cerf,Le Grand (Marc-Antoine),comédie-ballet,1,3,prose,0
La Chasse ridicule,Anonyme,comédie,0,1,prose,0
La Comédie des comédiens ou l'Amour charlatan,Dancourt (Florent Carton dit),comédie,0,3,prose,0
La Comète,Fontenelle (Bernard le Bouvier de),comédie,0,1,prose,1
La Comtesse d'Orgueil,Corneille (Thomas),comédie,0,5,vers,0
La Comtesse de Follenville,Carcavi (Charles-Alexandre abbé),comédie,0,1,prose,0
La critique de l'École des femmes,Molière (Jean-Baptiste Poquelin dit),comédie,0,1,prose,0
La Critique de la Fausse antipathie,La Chaussée (Pierre Claude Nivelle de),comédie,0,1,prose / vers,0
La Critique du Légataire universel,Regnard (Jean-François),comédie,0,1,prose,0
La Dame à la mode ou la Suite de la coquette,Dancourt (Florent Carton dit),comédie,0,5,vers,0
La Désolation des joueuses,Dancourt (Florent Carton dit),comédie,0,1,prose,0
La Devineresse ou les Faux enchantements,Corneille (Thomas),comédie,0,5,prose,1
La Dragonne ou Merlin dragon,Desmarres,comédie,0,1,prose,0
La Dupe amoureuse,"Rosimond (Claude La Roze, sieur de) ",comédie,0,1,vers,0
La Famille à la mode ou Finette,Dancourt (Florent Carton dit),comédie,0,5,vers,0
La Fausse comtesse,Allainval (Léonor-Jean-Christine Soulas abbé d'),comédie,0,1,prose,0
La Fausse inconstance,Pellegrin (Simon-Joseph),comédie,0,3,vers,0
La Fausse veuve ou le Jaloux sans jalousie,Destouches (Philippe Néricault dit),comédie,0,1,prose,0
La Femme d'intrigues,Dancourt (Florent Carton dit),comédie,0,5,prose,0
La Femme fille et veuve,Le Grand (Marc-Antoine),comédie,0,1,vers,0
La femme têtue ou le médecin hollandais,Barquebois (J. Robbe),comédie,0,1,vers,0
La Fille médecin,Anonyme,comédie,0,1,0,0
La Fille supposée ou l'Héroïne de roman,La Grange-Chancel (Joseph de),comédie,0,3,vers,0
La Fille valet,Abeille neveu (Nicolas Abeille dit),comédie,0,3,vers,0
La Foire de Besons,Dancourt (Florent Carton dit),comédie,0,1,prose,0
La Foire Saint-Germain,Dancourt (Florent Carton dit),comédie,0,1,prose,0
La Folle enchère,Dancourt (Florent Carton dit),comédie,0,1,prose,0
La Fourbe,Lenoble (Eustache),comédie,0,5,prose,0
La Française italienne,Le Grand (Marc-Antoine),comédie,0,1,prose,0
La Gazette de Hollande,Dancourt (Florent Carton dit),comédie,0,1,prose,0
La Grondeuse,Fagan (Christophe Barthélémy Fagan de Lugny dit),comédie,0,1,prose,0
La Guinguette de la finance,Dancourt (Florent Carton dit),comédie,0,1,prose,0
La Jalouse d'elle-même,Boisrobert (François Le Metel sieur de),comédie,0,5,vers,0
La Joueuse,Dufresny (Charles Rivière),comédie,0,5,prose,0
La Loterie,Dancourt (Florent Carton dit),comédie,0,1,prose,0
La Malade sans maladie,Dufresny (Charles Rivière),comédie,0,5,prose,0
La Marianne,Hermite (Tristan l'),tragédie,0,5,vers,0
La Marquise imaginaire,Anonyme,comédie,0,1,0,0
La Matrone d'Éphèse,La Motte (Antoine Houdar de),comédie,0,1,prose,0
La Méprise,Audierne (Jacques),comédie,1,1,prose,0
La Mère ridicule,Montfort (Mr),comédie,0,1,0,0
La Métempsycose des amours ou les Dieux comédiens,Dancourt (Florent Carton dit),comédie,1,3,vers,0
La mort d'Alexandre,Louvart,tragédie,0,5,vers,0
La Mort d'Othon,Belin (François),tragédie,0,5,vers,0
La Mort d'Ulysse,Pellegrin (Simon-Joseph),tragédie,0,5,vers,0
La Mort de César,"Barbier (Marie Anne, Mlle)",tragédie,0,5,vers,0
La Mort de Néron,Péchantré (Nicolas de),tragédie,0,5,vers,0
La Mortd'Alcide,Dancourt (Florent Carton dit),tragédie,0,5,vers,0
La Noce de village,"Brécourt (Guillaume Marcoureau, sieur de) ",comédie,0,1,prose,1
La Noce interrompue,Dufresny (Charles Rivière),comédie,0,1,prose,0
La Pierre Philosophale,Corneille (Thomas),comédie,0,5,0,1
La Provençale,Anonyme,comédie,0,1,0,0
La Prude du temps ou les Saturnales,Palaprat (Jean),comédie,0,5,vers,0
La Psyché de village,Guérin d'Étriché (Eustache François),comédie,1,4,prose,0
La Rapinière ou l'Intéressée,Barquebois (J. Robbe),comédie,0,5,vers,0
La Rencontre imprévue,Laffichard (Thomas l'Affichard dit),comédie,0,3,prose,0
La Répétition,Baron (Michel Boyron dit),comédie,0,1,0,0
La Ressource et le Caprice,Le Mascrier (abbé Jean-Baptiste),prologue,0,1,vers,0
La Réunion des amours,Marivaux (Pierre Carlet de Chamblain de),comédie héroïque,0,1,prose,0
La Rue Saint-Denis,Champmeslé (Charles Chevillet dit),comédie,0,1,prose,0
La Suivante désintéressée,Audierne (Jacques),comédie,1,1,prose,0
La Thébaïde ou les Frères ennemis,Racine (Jean),tragédie,0,5,vers,0
La Toison d'or,Corneille (Pierre),tragédie,1,5,vers,1
La tragédie en prose ou la Tragédie extravagante,Auvigny (Jean du Castre d'),comédie,0,1,prose,0
La Trahison punie,Dancourt (Florent Carton dit),comédie,0,5,vers,0
La Vengeance de l'amour,Jolly (François-Antoine),comédie,0,5,vers,0
La Veuve,"Champmeslé (Charles Chevillet dit)",comédie,0,1,prose,0
La vraie Didon ou Didon la chaste,Boisrobert (François Le Metel sieur de),tragédie,0,5,vers,0
"Laodamie, reine d'Epire",Bernard (Catherine),tragédie,0,5,vers,0
Le Badaud,Anonyme,comédie,0,1,prose,0
Le Badinage ou le Dernier jour de l'absence,Boissy (Louis de),comédie,0,1,vers,0
Le Bailli marquis,Anonyme,comédie,0,1,prose,0
Le Bal d'Auteuil,Boindin (Nicolas),comédie,1,3,prose,0
Le Ballet extravagant,Palaprat (Jean),comédie,0,1,prose,0
Le Baron des Fondrières,Corneille (Thomas),comédie,0,5,vers,0
Le Bourgeois de Falaise ou le Bal,Regnard (Jean-François),comédie,0,1,vers,0
Le Bourget,Anonyme,comédie,0,1,prose,0
Le Brutal de sens froid,Dancourt (Florent Carton dit),comédie,0,1,prose,0
Le Cadet de Gascogne,Anonyme,comédie,0,5,0,0
Le Cadet de Gascogne,Anonyme,comédie,0,1,0,0
Le Café,Rousseau (Jean-Baptiste),comédie,0,1,prose,0
Le Camp de Porché-Fontaine,Grandval le père (Nicolas Racot de Granval dit),comédie,0,1,prose,0
Le Campagnard,La Tessonerie (Gillet de),comédie,0,5,vers,0
Le Capricieux ou les Apparences trompeuses,Rousseau (Jean-Baptiste),comédie,0,5,vers,0
Le Carnaval de Venise,Dancourt (Florent Carton dit),"comédie héroique",0,5,0,0
Le Chevalier à la mode,Dancourt (Florent Carton dit),comédie,0,5,prose,0
Le Chevalier Bayard,Autreau (Jacques),comédie héroïque,0,5,vers,0
Le Chevalier joueur,Dufresny (Charles Rivière),comédie,0,5,prose,0
Le cocher supposé,Hauteroche (Noël Lebreton de),comédie,0,1,prose,0
Le Comédien poète,Montfleury (Antoine Jacob),comédie,0,5,vers,1
Le Débauché,Baron (Michel Boyron dit),comédie,0,5,vers,0
Le Dédit,Anonyme,comédie,0,5,vers,0
Le Désespoir extravagant,Subligny (Adrien-Thomas Perdou de),comédie,0,,0,0
Le Diable boiteux,Dancourt (Florent Carton dit),comédie,1,1,prose,0
Le Divorce,Champmeslé (Charles Chevillet dit),comédie,0,5,vers,0
Le Divorce de l'amour et de la raison ou le Vieux monde,Pellegrin (Simon-Joseph),comédie,1,3,vers,0
Le Divorce ou les Époux mécontents,Avisse (Étienne-François),comédie,1,3,vers,0
Le docteur extravagant,Le Clerc (Michel),comédie,0,5,vers,0
Le Faucon,"Barbier (Marie Anne, Mlle)",comédie,0,1,vers,0
Le Faux Gascon,Raisin (Jean-Baptiste),comédie,0,1,prose,0
Le Faux honnête homme,Dufresny (Charles Rivière),comédie,0,3,prose,0
Le Faux instinct,Dufresny (Charles Rivière),comédie,0,3,prose,0
Le Faux sincère,Dufresny (Charles Rivière),comédie,0,5,vers,0
Le Feint polonais ou la Veuve impertinente,Hauteroche (Noël Lebreton de),comédie,0,3,prose,0
Le Flatteur,Rousseau (Jean-Baptiste),comédie,0,5,prose,0
Le Fou de qualité ou le Fou raisonnable,Poisson (Raymond),comédie,0,1,vers,0
Le Gênois,Anonyme,comédie,0,1,0,0
Le Gentilhomme meunier,Anonyme,comédie,0,1,0,0
Le Geôlier de soi-même ou Jodelet prince,Corneille (Thomas),comédie,0,5,vers,0
Le Gros lot de Marseille,Anonyme,comédie,0,1,prose,0
Le Jaloux,Baron (Michel Boyron dit),comédie,0,5,vers,0
Le Jaloux honteux de l'être,Dufresny (Charles Rivière),comédie,0,5,prose,0
Le Jaloux invlisible ou le Bonnet enchanté,"Brécourt (Guillaume Marcoureau, sieur de) ",comédie,0,3,vers,0
Le Jaloux masqué,Anonyme,comédie,0,3,0,0
Le jeune homme,Anonyme,comédie,0,1,prose,0
Le Laquais fille,Anonyme,0,,0,,1
Le Maréchal médecin ou les Houssards,Anonyme,comédie,0,1,prose,0
Le Mari curieux,Allainval (Léonor-Jean-Christine Soulas abbé d'),comédie,0,1,prose,0
Le Mari égaré,Audierne (Jacques),comédie,1,1,prose,0
Le mariage de Bacchus et d'Ariane,De Visé (Jean Donneau),"comédie héroique",0,3,vers,0
Le Mariage de rien,Montfleury (Antoine Jacob),comédie,0,1,vers,0
Le Mariage fait par lettre de change,Poisson (Philippe),comédie,0,1,prose,0
Le Marié sans le savoir,Fagan (Christophe Barthélémy Fagan de Lugny dit),comédie,0,1,prose,0
Le Marquis de l'industrie,Anonyme,comédie,0,5,vers,0
Le Médecin de l'esprit,Merville (Michel Guyot de),comédie,0,1,prose,0
Le Médecin de village,Anonyme,comédie,0,1,prose,0
Le médecin volant,Boursault (Edme),"comédie burlesque",0,1,vers,0
Le Négligent,Dufresny (Charles Rivière),comédie,1,3,prose,0
Le Niais de Sologne,Raisin (Jean-Baptiste),comédie,0,1,prose,0
Le notaire obligeant ou les Fonds perdus,Dancourt (Florent Carton dit),comédie,0,3,prose,0
Le Parasite,Hermite (Tristan l'),comédie,0,5,vers,0
Le Paresseux,De Launay,comédie,1,3,vers,0
Le Parisien,Champmeslé (Charles Chevillet dit),comédie,0,5,vers,0
Le Pastor fido,Pellegrin (Simon-Joseph),pastorale héroïque,1,3,vers,0
Le Père intéressé ou les Vrais amis,Pellegrin (Simon-Joseph),comédie,0,5,vers,0
Le Père supposé,Anonyme,comédie,0,1,0,0
Le Petit homme de la foire,Raisin (Jean-Baptiste),comédie,0,1,prose,0
Le Petit maître de campagne ou le Vicomte de Génicourt,Anonyme,comédie,0,1,prose,0
Le Petit-maître corrigé,Marivaux (Pierre Carlet de Chamblain de),comédie,0,3,prose,0
Le Point d'honneur,Lesage (Alain-René),comédie,0,5,prose,0
Le Pouvoir de la sympathie,Boissy (Louis de),comédie,0,3,vers,0
Le Prince de Noisy,Aigueberre (Jean Dumas d'),comédie héroïque,1,3,prose,0
Le Prix de l'arquebuse,Dancourt (Florent Carton dit),comédie,0,1,prose,0
Le Procès des sens,Fuzelier (Louis),comédie,0,1,vers,0
Le Rajeunissement inutile,La Grange (Nicolas de),comédie,0,3,vers,0
Le Rendez-vous,La Fontaine (Jean de),comédie,0,1,vers,0
Le rendez-vous des Tuileries ou le Coquet trompé,Baron (Michel Boyron dit),comédie,1,3,prose,0
Le Retour de l'Ombre de Molière,Voisenon (Claude-Henri de Fusée de),comédie,0,1,vers,0
Le Réveil d'Épiménide,Poisson (Philippe),comédie,1,3,vers,0
Le Rival de son maître,Anonyme,comédie,0,5,vers,0
Le Rival secrétaire,Desforges,comédie,1,1,vers,0
Le Second chapitre du Diable boiteux,Dancourt (Florent Carton dit),comédie,1,2,prose,0
Le Secret révélé,Brueys (David-Augustin de) ; Palaprat (Jean),comédie,0,1,prose,0
Le Semblable à soi-même,Montfleury (Antoine Jacob),comédie,0,1,vers,1
Le Sot toujours sot ou le Marquis paysan,Brueys (David-Augustin de),comédie,0,1,prose,0
Le Souper mal apprêté,Hauteroche (Noël Lebreton de),0,,0,,0
Le Talisman,La Motte (Antoine Houdar de),comédie,0,1,prose,0
Le Temps présent,Le Grand (Marc-Antoine),comédie,0,1,prose,0
Le Triomphe de l'hiver,Anonyme,comédie,0,1,prose,0
Le Veau perdu,"Champmeslé (Charles Chevillet dit) ; La Fontaine (Jean)",comédie,0,1,prose,0
Le Vert galant,Dancourt (Florent Carton dit),comédie,0,1,prose,0
"Le Vieillard couru ou les Différents caractère des femmes",De Visé (Jean Donneau),comédie,0,5,prose,0
Le Voleur ou Titapapouf,Legrand (Charlotte),comédie,0,1,prose,0
Les Acteurs déplacés ou l'Amant comédien,Laffichard (Thomas l'Affichard dit) ; Panard (Charles-François),comédie,1,1,prose,0
Les Adelphes ou L'École des pères,Baron (Michel Boyron dit),comédie,0,5,vers,0
Les Agioteurs,Dancourt (Florent Carton dit),comédie,0,3,prose,0
Les Amants déguisés,Aunillon (abbé Pierre-Charles-Fabiot),comédie,0,3,prose,0
Les Amants magnifiques,Molière (Jean-Baptiste Poquelin dit),comédie,0,5,prose,0
Les Amants ridicules,Le Grand (Marc-Antoine),comédie,0,1,vers,0
Les Amours de Vénus et d'Adonis,De Visé (Jean Donneau),tragédie,1,5,vers,0
Les Amusements de l'automne ou les Temples d'Éphèse et de Gnide,Fuzelier (Louis),ambigu-comique,1,3,prose,0
Les Bourgeoises de qualité,Hauteroche (Noël Lebreton de),comédie,0,5,vers,0
Les Bouts-rimés,"Saint-Glas (Pierre, abbé de)",comédie,0,1,prose,0
Les Captifs,Roy (Pierre-Charles) ; La Font (Joseph de),comédie,1,3,vers,0
Les Caractères de Thalie,Fagan (Christophe Barthélémy Fagan de Lugny dit),ambigu-comique,1,3,prose / vers,0
Les Carosses d'Orléans,La Chapelle (Jean de),comédie,0,,vers,0
Les Charmes de Félicie,Montauban (Jacques Pousset sieur de),pastorale,0,5,vers,1
Les Courses de Tempé,Piron (Alexis),pastorale,0,1,vers,0
Les Dames vengées ou la Dupe de soi-même,Corneille (Thomas) ; De Visé (Jean Donneau),comédie,0,5,prose,0
Les Eaux de Bourbon,Dancourt (Florent Carton dit),comédie,0,1,prose,0
Les Empiriques,Brueys (David-Augustin de),comédie,0,3,prose,0
Les Enlèvements,Baron (Michel Boyron dit),comédie,0,1,prose,0
Les Époux réunis ou la Veuve fille et femme,Merville (Michel Guyot de),comédie,0,5,vers,0
Les Fâcheux,Molière (Jean-Baptiste Poquelin dit),comédie,0,3,vers,1
Les Fêtes du cours,Dancourt (Florent Carton dit),comédie,1,1,prose,0
Les Fontanges maltraitées ou les Vapeurs,Baron (Michel Boyron dit),comédie,0,1,prose,0
Les Fous divertissants,Poisson (Raymond),comédie,0,3,vers,0
Les Fragments de Molière,Champmeslé (Charles Chevillet dit),comédie,0,2,prose,0
Les Grisettes ou Crispin chevalier,Champmeslé (Charles Chevillet dit),comédie,0,1,vers,0
Les Héraclides,Brie (Mr de),tragédie,0,5,vers,0
Les Héraclides,Danchet (Antoine),tragédie,0,5,vers,0
Les Joueurs,Champmeslé (Charles Chevillet dit),comédie,0,5,vers,0
Les Mécontents,La Bruère (Charles-Antoine le Clerc de),comédie,1,3,vers,0
Les Mœurs du temps,Saint-Yon,comédie,0,5,prose,0
Les Mots à la mode,Boursault (Edme),comédie,0,1,vers,0
Les Nicandres ou les Menteurs qui ne mentent point,Boursault (Edme),comédie,0,3,vers,0
Les Nouvellistes,Anonyme,comédie,0,1,prose,0
Les Petits-Maîtres  d'été,Anonyme,comédie,0,1,prose,0
Les Philosophes amoureux,Destouches (Philippe Néricault dit),comédie,0,5,vers,0
Les Pipeurs ou les Femmes coquettes,Poisson (Raymond),comédie,0,5,vers,0
Les Réjouissances publiques ou le Gratis,Allainval (Léonor-Jean-Christine Soulas abbé d') ; Laffichard (Thomas l'Affichard dit),comédie,0,1,prose,0
Les Rivaux d'eux-mêmes,Anonyme,comédie,0,1,vers,0
Les Serments indiscrets,Marivaux (Pierre Carlet de Chamblain de),comédie,0,5,prose,0
Les Sœurs rivales,Anonyme,comédie,0,1,vers,0
Les Trois spectacles,Aigueberre (Jean Dumas d'),ambigu-comique,1,3,prose / vers,0
Les Tyndarides,Danchet (Antoine),tragédie,0,5,vers,0
Les Usuriers,Prechac (Jean),comédie,0,,vers,0
Les Visionnaires,Desmarets de Saint-Sorlin (Jean),comédie,0,5,vers,0
Lucas et Perrette ou Le Rival utile,Fagan (Christophe Barthélémy Fagan de Lugny dit),comédie,0,1,prose,0
Lysimachus,Caux de Montlebert (Gilles de) ; Caux de Montlebert le fils,tragédie,0,5,vers,0
Madame Artus,Dancourt (Florent Carton dit),comédie,0,5,vers,0
Mahomet second,Châteaubrun (Jean-Baptiste Vivien de),tragédie,0,5,vers,0
Mariamne,Nadal (abbé Augustin),tragédie,0,5,vers,0
"Marie Stuart, reine d'Écosse",Tronchin (Jacques),tragédie,0,5,vers,0
"Marie Stuart, reine d'Écosse ",Boursault (Edme),tragédie,0,5,vers,0
Maximien,La Chaussée (Pierre Claude Nivelle de),tragédie,0,5,vers,0
Médus,Deschamps (François-Michel-Chrétien),tragédie,0,5,vers,0
Méléagre,La Grange-Chancel (Joseph de),tragédie,0,5,vers,0
Merlin déserteur,Dancourt (Florent Carton dit),comédie,0,1,prose,0
Merlin la Chacone,Dancourt (Florent Carton dit),comédie,0,,0,0
Merlin peintre,"La Tuillerie (Jean-François Juvenon, sieur de)",comédie,0,1,prose,0
Montézume,Ferrier de la Martinière (Louis),tragédie,0,5,vers,0
Mustapha et Zéangir,Belin (François),tragédie,0,5,vers,0
Myrtil et Mélicerte,Guérin d'Etriché (Nicolas-Armand-Martial),"pastorale héroïque",1,3,vers,0
Nitétis,Danchet (Antoine),tragédie,0,5,vers,0
Nitocris,"La Tuillerie (Jean-François Juvenon, sieur de)",tragédie,0,5,vers,0
Œdipe,La Motte (Antoine Houdar de),tragédie,0,5,vers,0
Œdipe,Corneille (Pierre),tragédie,0,5,vers,0
Oreste,"Boyer (Claude, abbé) ; Le Clerc Michel ",tragédie,0,5,vers,0
Oreste et Pylade,La Grange-Chancel (Joseph de),tragédie,0,5,vers,0
Othon,Corneille (Pierre),tragédie,0,5,vers,0
Pandore,Saint-Foix (Germain-François Poullain de),comédie,0,1,vers,0
Panurge,Montauban (Jacques Pousset sieur de),comédie,0,,0,0
Pélopée,Pellegrin (Simon-Joseph),tragédie,0,5,vers,0
Pénélope,"Genest (Charles-Claude, abbé)",tragédie,0,5,vers,0
Phaéton,Boursault (Edme),comédie,0,5,vers,0
Pharamond,Cahusac (Louis de),tragédie,0,5,vers,0
Phocion,Campistron (Jean-Galbert de),tragédie,0,5,vers,0
Plutus,Le Grand (Marc-Antoine),comédie,0,3,vers,0
Polydore,Pellegrin (Simon-Joseph),tragédie,0,5,vers,0
Polymneste,"Genest (Charles-Claude, abbé)",tragédie,0,5,vers,0
Polyxène,La Fosse (Antoine de La Fosse d'Aubigny dit),tragédie,0,5,vers,0
Psyché,"Molière (Jean-Baptiste Poquelin dit) ; Quinault (Philippe) ; Corneille (Pierre)",tragédie,0,5,vers,0
Pyrame et Thisbé,Pradon (Jacques),comédie,0,5,vers,0
Ragotin,La Fontaine (Jean de),comédie,0,5,vers,0
Régulus,Pradon (Jacques),tragédie,0,5,vers,0
Renaud et Armide,Dancourt (Florent Carton dit),comédie,0,1,prose,0
Romulus,La Motte (Antoine Houdar de),tragédie,0,5,vers,0
Sabinus et Éponine,Richer (Henri),tragédie,0,5,vers,0
Sancho Pança,Dufresny (Charles Rivière),comédie,0,3,prose,0
Sancho Pança gouverneur,Dancourt (Florent Carton dit),comédie,0,5,vers,0
Saül,Nadal (abbé Augustin),tragédie,0,5,vers,0
Scévole,Du Ryer (Pierre),tragédie,0,5,vers,0
Scipion l'Africain,Pradon (Jacques),tragédie,0,5,vers,0
Sémiramis,"Gomez (Madeleine-Angélique, Mme de)",tragédie,0,5,vers,0
Sémiramis,Crébillon père (Prosper Jolyot de Crébillon dit),tragédie,0,5,vers,0
Sésostris,Longepierre (Hilaire-Bernard de),tragédie,0,5,vers,0
Soliman,"La Tuillerie (Jean-François Juvenon, sieur de)",tragédie,0,5,vers,0
Sophonisbe,La Grange-Chancel (Joseph de),tragédie,0,5,vers,0
Stilicon,Corneille (Thomas),tragédie,0,5,vers,0
"Suréna, général des Parthes",Corneille (Pierre),tragédie,0,5,vers,0
Tarquin,Pradon (Jacques),tragédie,0,5,vers,0
Téglis,Morand (Pierre de),tragédie,0,5,vers,0
Téléphonte,La Chapelle (Jean de),tragédie,0,5,vers,0
Thélamire,"Lebrun (Denise, Mlle)",tragédie,0,5,vers,0
Thésée,La Fosse (Antoine de La Fosse d'Aubigny dit),tragédie,0,5,vers,0
Thomyris,"Barbier (Marie Anne, Mlle )",tragédie,0,5,vers,0
Tibère,Pellegrin (Simon-Joseph) ; Dupuis (Président),tragédie,0,5,vers,0
Timon,"Brécourt (Guillaume Marcoureau, sieur de)",comédie,0,1,vers,0
Tontine,Lesage (Alain-René),comédie,0,1,prose,0
Tridate,Campistron (Jean-Galbert de),tragédie,0,5,vers,0
Valérien,Riupeirous (Théodore),tragédie,0,5,vers,0
Varron,Dupuy (Antoine de Léris),comédie,0,5,vers,0
Virginie,Campistron (Jean-Galbert de),tragédie,0,5,vers,0
Vononez roi des Parthes,Belin (François),tragédie,0,5,vers,0
Xerxès,Crébillon père (Prosper Jolyot de Crébillon dit),tragédie,0,5,vers,0
Zaïde,La Chapelle (Jean de),tragédie,0,5,vers,0
"Zélonide, princesse de Sparte ","Genest (Charles-Claude, abbé)",tragédie,0,5,vers,0
Zénobie,Anonyme,tragédie,0,5,vers,0
