id,title,author,genre ,Prologue,nombre d'actes,Prose/vers,"Musique, danse, machines",Date de création
4832,Abdir,Billardon de Sauvigny (Edme-Louis),drame,,4 puis 3,vers,,1785-01-26
4833,Abdolonime ou le Roi berger,Collet de Messine (Jean-Baptiste),comédie héroïque,,3,vers,,1776-03-06
5452,"Aben-Saïd, empereur des Mogols","Leblanc (Jean-Bernard, abbé)",tragédie,,5 actes,vers,,06 juin 1735
4834,Absalon,Duché de Vancy (Joseph-François),tragédie,,5,vers,,1712-04-07
5536,Accommodement imprévu (L'),La Grange-Chancel (François-Joseph de),comédie,,1 acte,vers,,12 novembre 1737
5453,Achille dans l'île de Scyros,Merville (Michel Guyot de),comédie héroïque,,3 actes,vers,,10 octobre 1737
5748,Acteurs déplacés ou l'Amant comédien (Les),L'Affichard (Thomas),comédie,X,1 acte,prose,X,14 OCTOBRE 1735
4835,Adélaïde de Hongrie,Dorat (Claude-Joseph),tragédie,,5,vers,,13 AOUT 1774
4836,Adélaïde du Guesclin,Voltaire (François-Marie Arouet dit),tragédie,,5,vers,,18 JANVIER 1734
4837,Adélaïde ou l'Antipathie pour l'amour ,Dudoyer de Gastels (Gérard),comédie,,2,vers décasyllabes,,10 JUILLET 1780
4838,Adèle de Crécy,Dercy (P.),drame ,,4,vers,,03 MAI 1793
4839,"Adèle de Ponthieu ou Adèle, comtesse de Ponthieu",La Place (Pierre-Antoine de),tragédie,,5,vers,,28 AVRIL 1757
5749,Adelphes ou L'École des pères (Les),Baron (Michel Boyron dit),comédie,,5 actes,vers,,03 JANV 1705
5454,"Adherbal, roi de Numidie",La Grange-Chancel (François-Joseph de),tragédie,,5 actes,vers,,08 JANV 1694
5235,Adieux du goût (Les),Patu (Claude-Pierre) ; Portelance (Michel),comédie,,1,vers libres,X,13 FEVRIER 1754
5455,Adrien,Campistron (Jean Galbert de),tragédie,,5 actes,vers,,11 JANV 1690
5456,Aégiste,Séguineau (Mr) ; Pralard (René),tragédie,,5 actes,vers,,18 NOV 1721
5457,Aétius,Campistron (Jean Galbert de),tragédie,,5 actes,vers,,28 JANV 1693
5458,Agamemnon ou  La Mort d'Agamemnon,"Boyer (Claude, abbé) pseud : Pader d'Assézan",tragédie,,5 actes,vers,,
4840,Agathocle,Voltaire (François-Marie Arouet dit),tragédie,,5,vers,,31 MAI 1779
5459,Agathocle ,"Aubry (Jean-Baptiste Aubry des Carrières, dit)",tragédie,,5 actes,vers,,10 MAI 1690
5475,Agésilas ,Corneille (Pierre),tragédie,,5 actes,vers,,
5750,Agioteurs (Les),Dancourt (Florent Carton dit),comédie,,3 actes,prose,,26 SEPT 1710
4841,Agis,Laignelot (Joseph François),tragédie,,5,vers,,6 MAI 1782
5460,Agrippa ou la mort d'Auguste,Riupeirous (Théodore),tragédie,,5 actes,vers,,19 MARS 1696
4842,"Agrippa, roi d'Albe ou le Faux Tiberinus",Quinault (Philippe),tragi-comédie,,5,vers,,
4843,Ajax,Poinsinet de Sivry (Louis),tragédie,,5,vers,,30 AOUT 1762
5461,Ajax,La Chapelle (Jean de),tragédie,,5 actes,vers,,27 DEC 1684
4844,Albert et Émilie,Dubuisson (Pierre-Ulric),tragédie,,5,vers,,30 AVRIL 1785
4845,Albert premier ou Adeline,Le Blanc de Guillet (Antoine),comédie héroïque,,3,vers,,4 FEV 1775
5462,Alceste,La Grange-Chancel (François-Joseph de),tragédie,,5 actes,vers,,19 DEC 1703
5463,Alceste et Admète,Boissy (Louis de),tragédie,,5 actes,vers,,25 JANV 1727
5464,Alcibiade,Poisson (Philippe),comédie,,3 actes,vers,,23 FEV 1731
5465,Alcibiade ,Campistron (Jean Galbert de),tragédie,,5 actes,vers,,28 DEC 1685
4846,Alcidonis ou la Journée lacédémonienne,Lonvay de La Saussaye (Jean-Baptiste),comédie,,3,prose,x,13 MARS 1773
5466,Alexandre le Grand,Racine (Jean),tragédie,,5 actes,vers,,
5038,Algérien ou les Muses comédiennes (L'),Cahusac (Louis de),comédie-ballet,x,3,vers libres,X,
4847,Alphée et Zarine,Fallet (Nicolas),tragédie,,5,vers,,19 JUIN 1788
4848,Alzaïde,Linant (Nicolas-Michel),tragédie,,5,vers,,13 DECEMBRE 1745
4849,Alzire ou les Américains,Voltaire (François-Marie Arouet dit),tragédie,,5,vers,,27 JANV 1736
5467,Amalasonte,Quinault (Philippe),tragédie,,5 actes,vers,,voir celui de ximenes sur l'autre liste
4850,Amalazonte,Ximénès (Augustin-Louis de),tragédie,,5,vers,,30 MAI 1754
5039,Amant Bourru (L'),Boutet de Monvel (Jacques-Marie) ,comédie,,3,vers libres,,
5537,Amant de sa femme ou la Rivale d'elle-même (L'),Boissy (Louis de),comédie,,1 acte,prose,,19 SEPT 1721
5040,Amant déguisé (L'),La Morlière (jacques Rochette de),comédie,,2,prose,,
5538,Amant indiscret ou le Maître étourdi (L'),Quinault (Philippe),comédie,,5 actes,vers,,
5539,Amant masqué (L'),Du Fresny (Charles),comédie,,1 acte,prose,X,8 AOUT 1709
5540,Amante amant (L'),Campistron (Jean Galbert de),comédie,,5 actes,prose,,2 AOUT 1684
5541,Amante en tutelle (L'),La Valette,comédie,X,3 actes,vers,,17 AOUT 1735
5751,Amants déguisés (Les),Aunillon (Pierre-Charles-Fabiot),comédie,,3 actes,prose,,7 FEV 1728
5236,Amants espagnols (Les),Beaugeard (Jean-Simon Férréol),comédie ,,5,prose,,
5237,Amants généreux (Les),Rochon de Chabannes (Marc-Antoine-Jacques),comédie,,5,prose,,13 OCTOBRE 1774
5752,Amants magnifiques (Les),Molière (Jean-Baptiste Poquelin dit),comédie-ballet,X,5 actes,prose,X,
5089,Amants malheureux ou le Comte de Comminges (Les),Arnaud (François-Thomas-Marie de Baculard d'),drame ,,3,vers,,
5753,Amants ridicules (Les) ou Les Triomphes du temps passé,Legrand (Marc-Antoine),comédie,,1 acte,vers,,1 JUIL 1711
5238,Amants sans le savoir (Les),"Saint-Chamond (Claire-Marie Mazarelli, marquise de)",comédie,,3,prose,,
4851,Amasis,La Grange-Chancel (François-Joseph de),tragédie,,5,vers,,13 DEC 1701
5041,Amateur (L'),Barthe (Nicolas-Thomas),comédie,,1,vers,,
5239,Amazones (Les),Du Bocage (Anne-Marie),tragédie,,5,vers,,JUILLET ET AOÜT 1749
5240,Amazones modernes (Les),Legrand (Marc-Antoine) ; Fuzelier (Louis),comédie,,3,prose,X,1727
5042,Ambitieux et l'indiscrète (L'),Destouches,tragi-comédie,x,5,vers,,
4852,Amélie ou le Duc de Foix ou Le Duc de Foix,Voltaire (François-Marie Arouet dit),tragédie,,5,vers,,17 AOUT 1752
4853,Amélise,Ducis (Jean-François),tragédie,,5,vers,,9 JANV 1768
4854,Aménophis,Saurin (Bernard-Joseph),tragédie,,5,vers,,12 NOV 1750
4855,Amestris,Mauger,tragédie,,5,vers,,3 JUIL 1747
5043,Ami des lois (L'),Laya (Jean-Louis),comédie,,5,vers,,
5241,Amis à l'épreuve (Les),Pieyre (Alexandre),comédie,,1,vers croisés,,19 JUILLET 1787
5542,Amitié rivale (L'),Fagan (Barthélemy-Christophe),comédie,,5 actes,vers,,16 NOV 1735
5044,Amour à Tempé (L'),Falconnet (Françoise-Cécile),pastorale,,2,prose,x,
5045,Amour diable (L'),Legrand (Marc-Antoine),comédie,,1,vers,X,
5046,Amour et les Fées (L'),"Bernis (François-Joachim de Pierres, cardinal de)",comédie,,1,vers libres,X,
5047,Amour exilé des cieux (L'),Dufrénoy (Adélaïde-Gillette Billet),pièce allégorique,,1,vers,x,
5048,Amour français (L'),Rochon de Chabannes (Marc-Antoine-Jacques),comédie,,1,vers,,
5049,Amour médecin (L') ou Les Médecins,Molière (Jean-Baptiste Poquelin dit) ,comédie-ballet,X,3,prose,(X),
4856,Amour pour amour,La Chaussée (Pierre-Claude),comédie,x,3,vers,X,16 FEV 1742
5468,Amour secret (L'),Poisson (Philippe),comédie,,1 acte,vers,,5 OCT 1740
5050,Amour usé (L'),Destouches,comédie,,5,prose,,
5543,Amour vengé (L'),La Font (Joseph de),comédie,,1 acte,vers,,14 OCT 1712
5516,Amours de Diane et d'Endymion (Les) ou Endymion ,Gilbert (Gabriel),tragédie,X,5 actes,vers,X,22 JUIL 1681
5754,Amours de Vénus et d'Adonis (Les),Donneau de Vizé (Jean),tragédie,X,5 actes,vers,X,
4857,Amphitryon,Molière (Jean-Baptiste Poquelin dit) ,comédie,X,3,vers libres,X,
5755,Amusements de l'automne ou les Temples d'Éphèse et de Gnide (Les),Fuzelier (Louis),comédie,X,4 actes,prose,X,17 OCT 1725
5051,Andrienne (L'),Baron,comédie,,5,vers,,
4858,Andromaque,Racine (Jean),tragédie,,5,vers,,
5469,Andromède ,Corneille (Pierre),tragédie,X,5 actes,vers,X,
4859,Andronic,Campistron (Jean Galbert de) ,tragédie,,5,vers,,8 FEV 1685
5470,Angélique et Médor,Dancourt (Florent Carton dit),comédie,,1 acte,prose,X,1 AOUT 1685
5052,Anglais à Bordeaux (L'),Favart (Charles-Simon),comédie,,1,vers libres,,
5053,Anglomanie ou l'Orpheline léguée (L') ou L'Anglomane ou l'Orpheline léguée,Saurin (Bernard-Joseph),comédie,,1,vers libres,,
4860,Annibal,Marivaux (Pierre de),tragédie,,5,vers,,16 DEC 1720
5471,Annibal ,Riupeirous (Théodore),tragédie,,5 actes,vers,,5 NOV 1688
5472,Antigone,"Boyer (Claude, abbé) pseud : Pader d'Assézan",tragédie,,5 actes,vers,,14 MARS 1686
4861,Antigone ou la Piété fraternelle,Doigny du Ponceau,tragédie,,5,vers,,31 JUIL 1787
5473,Antiochus et Cléopâtre,Deschamps (François-Michel-Chrétien),tragédie,,5 actes,vers,,29 OCT 1717
5474,Antiochus ou Les Macchabées,"Nadal (Augustin, abbé)",tragédie,,5 actes,vers,,16 DEC 1722
4862,Antipater,Portelance (Michel),tragédie,,5,vers,,25 NOV 1751
4873,Antoine et Cléopâtre ,Boistel d'Welles (Jean-Baptiste-Robert ou Robert),tragédie,,5,vers,,06 NOV 1741
4863,Apelle et Campaspe,Voiron,drame héroïque ,,1,vers,x,16 OCT 1786
4864,Aphos,Baragué,comédie,,1,vers libres,X,13 SEP 1747
5055,Apothéose de Beaurepaire (L'),Lesur (Charles-Louis),pièce ,,1,vers,,
5544,Après-souper des auberges (L'),Poisson (Raymond),comédie,,1 acte,vers,X,
4865,Ariane,Corneille (Thomas),tragédie,,5,vers,,
5476,Ariarathe,Saint-Gilles Lenfant (de),tragédie,,5 actes,vers,,30 OCT 1699
5477,Aristobule,"Abeille (Gaspard, abbé)",tragédie,,5 actes,vers,,30 NOV 1685
4866,Aristomène,Marmontel (Jean-François) ,tragédie,,5,vers,,30 AVRIL 1749
5478,Arminius,Campistron (Jean Galbert de),tragédie,,5 actes,vers,,19 FEV 1684
5479,Arrie et Pétus,Barbier (Marie-Anne),tragédie,,5 actes,vers,,3 JUIN1702
5242,Arsacides (Les),Peyraud de Beaussol ,tragédie,,6,vers,,26 JUILLET 1775
5480,Artaxare,Pellegrin (Simon-Joseph),tragédie,,5 actes,vers,,3 MAI 1718
4867,Artaxerce,Le Mierre (Antoine-Marin) ,tragédie,,5,vers,,20 AOUT 1766
5481,Artaxerce,"Boyer (Claude, abbé)",tragédie,,5 actes,vers,,22 NOV 1682
5482,Artaxerce,Deschamps (François-Michel-Chrétien),tragédie,,5 actes,vers,,19 DEC 1735
5483,Artémire,"Voltaire (François-Marie Arouet, dit)",tragédie,,5 actes,vers,,15 FEV 1720
5484,Aspar,Fontenelle (Bernard le Bouyier de),tragédie,,5 actes,vers,,27 DEC 1680
5545,Assemblée des comédiens (L'),Procope-Couteaux (Michel),prologue,x,1 acte,,,22 SEPT 1724
4868,Astarbé,Colardeau (Charles-Pierre),tragédie,,5,vers,,27 FEV 1758
4869,"Astrate, roi de Tyr",Quinault (Philippe),tragédie,,5,vers,,
4870,Astyanax,Châteaubrun (Jean-Baptiste Vivien de),tragédie,,5,vers,,5 JANV 1756
4871,Astyanax,Richerolle d'Avallon,tragédie,,5,vers,,7 FEV 1789
4872,Athalie,Racine (Jean),tragédie,,5,vers,,
5485,Athénaïs,La Grange-Chancel (François-Joseph de),tragédie,,5 actes,vers,,20 NOV 1699
4874,Atrée et Thyeste,Crébillon (Prosper Jolyot de),tragédie,,5,vers,,14 MARS 1707
4875,Attendez-moi sous l’orme,Du Fresny (Charles),comédie,,1,prose,X,19 MAI 1694
5486,"Attila, roi des Huns",Corneille (Pierre),tragédie,,5 actes,vers,,
4876,Augusta,Fabre d'Églantine (Philippe-François-Nazaire),tragédie,,5,vers,,8 OCT 1787
4877,Auguste et Théodore ou les Deux pages,Manteufel (Ernest de),comédie,,2,prose,,6 MARS 1789
5059,Avare (L'),Molière (Jean-Baptiste Poquelin dit) ,comédie,,5,prose,,
5060,Avare amoureux (L'),Aigueberre (Jean Dumas d'),comédie,,1,prose,,
5061,Avare cru bienfaisant (L'),Brousse-Desfaucherets (Jean-Louis),comédie,,5,vers,,
5546,Aventurière (L'),Donneau de Vizé (Jean),comédie,,5 actes,vers,,2 JANV 1696
5062,Aveugle clairvoyant (L'),Legrand (Marc-Antoine),comédie,,1,vers,,
5063,Aveugle par crédulité (L'),Fournelle (Jean-Nicolas),comédie,,1,prose,,
5243,Aveux difficiles (Les),Vigée (Louis-Jean-Baptiste-Étienne),comédie ,,1,vers,,24 FEVRIER 1783
5064,Avocat Patelin (L'),Brueys (David-Augustin de),comédie,,3,prose,,
5547,Avocat sans étude (L'),"Rosimond (Claude Rose, sieur de)",comédie,,1 acte,vers,,
4878,Azémire,Chénier (Marie-Joseph de),tragédie ,,5,vers,,6 NOV 1786
5065,Babillard (Le),Boissy (Louis de),comédie,,1,vers,,
5654,Badaud (Le),Anonyme,comédie,,1 acte,prose,,10 MAI 1687
5655,Badinage (Le),Boissy (Louis de),comédie,,1 acte,vers,,23 NOV 1733
5581,Baguette (La),Dancourt (Florent Carton dit),comédie,,1 acte,prose,X,
5656,Bailli marquis (Le),Du Fresny (Charles),comédie,,1 acte,prose,X,
4879,Bajazet,Racine (Jean),tragédie,,5,vers,,
5487,Bajazet premier,Pacarony (chevalier de),tragédie,,5 actes,vers,,
5657,Bal d'Auteuil (Le),Boindin (Nicolas),comédie,X,3 actes,prose,X,
5658,Ballet extravagant (Le),"Palaprat (Jean de, sieur de Bigot)",comédie,,1 acte,prose,X,
5066,Barbier de Séville ou la Précaution inutile (Le),Beaumarchais (Pierre-Augustin Caron de),comédie,,4,prose,,
5244,Barmécides (Les),La Harpe (Jean François de),tragédie,,5,vers,,
4880,Barnevelt,Le Mierre (Antoine-Marin) ,tragédie,,5,vers,,11 JUILLET 1778
5067,Baron d'Albikrac (Le),Corneille (Thomas),comédie,,5,vers,,30 JUIN 1790
5068,Baron de la Crasse (Le),Poisson (Raymond),comédie,,1,vers,X,
5659,Baron des Fondrières (Le),Corneille (Thomas),comédie,,5 actes,vers,,
5488,Basile et Quitterie,Gaultier,tragi-comédie,X,3 actes,vers,X,
5582,Belle-mère (La),Dancourt (Florent Carton dit),comédie,,5 actes,vers,,
4962,Belle-mère ou les Dangers d'un second mariage (La),Vigée (Louis-Jean-Baptiste-Étienne),comédie,,5,vers,,
5489,Bellérophon ,Quinault (Philippe),tragédie,,5 actes,vers,,24 JUIL 1788
4881,Bérénice ,Racine (Jean),tragédie,,5,vers,,
4963,Bergère des Alpes (La),Desfontaines (François-Georges),comédie,,1,vers libre,,
4882,Beverlei,Saurin (Bernard-Joseph),tragédie bourgeoise,,5,vers libres,,15 DEC 1765
4964,Bienfaisance de Voltaire (La),Villemain d'Abancourt (François-Jean),pièces dramatique,,1,vers,,7 MAI 1768
5069,Bienfait anonyme (Le),Pilhes (Joseph),comédie,,3,prose,,30 MAI 1791
5070,Bienfait rendu ou le Négociant (Le),Dampierre de la Salle,comédie ,,5,vers,,
4883,Blanche et Guiscard,Saurin (Bernard-Joseph),tragédie,,5,vers,,
5583,Boîte de Pandore (La),Poisson (Philippe),comédie,,1 acte,prose,,26 SEPT 1763
5071,Bon ami (Le),Legrand (Marc-Antoine),comédie,,1,prose,,
5072,Bon soldat (Le),Montfleury (Antoine Jacob dit),comédie,,1,vers,X,
5660,Bourgeois de Falaise (Le),Regnard (Jean-François),comédie,,1 acte,vers,X,
5073,Bourgeois gentilhomme (Le),Molière (Jean-Baptiste Poquelin dit) ,comédie-ballet,,5,prose,X,
5245,Bourgeoises à la mode (Les),Dancourt (Florent Carton dit) ,comédie,,5,prose,,
5756,Bourgeoises de qualité (Les),"Hauteroche (Noël Lebreton, sieur de)",comédie,,5 actes,vers,,15 NOVEMBRE 1692
5661,Bourget (Le) ,Anonyme,comédie,,1 acte,prose,X,
5074,Bourru bienfaisant (Le),Goldoni (Carlo),comédie,,3,prose,,
5757,Bouts-rimés (Les),"Saint-Glas (Pierre de, abbé de Saint-Ussans)",comédie,,1 acte,prose,,
5490,Bradamante,Corneille (Thomas),tragédie,,5 actes,vers,,
5246,Brames (Les),La Harpe (Jean François de),tragédie,,5,vers,,
4884,Briséis ou la colère d'Achille,Poinsinet de Sivry (Louis),tragédie,,5,vers,,15 DECEMBRE 1783
4885,Britannicus,Racine (Jean),tragédie,,5,vers,,25 JUIN 1759
5662,Brutal de sang froid / sens froid  (Le),Anonyme,comédie,,1 acte,prose,,
4886,Brutus,Voltaire (François-Marie Arouet dit),tragédie,,5,vers,,
5491,Brutus,Bernard (Catherine),tragédie,,5 actes,vers,,11 DEC 1730
5663,Cadet de Gascogne (Le),Anonyme,comédie,,5 actes,,,
5664,Cadet de Gascogne (Le),Anonyme,comédie,,1 acte,,,
5665,Café (Le),Rousseau (Jean-Baptiste),comédie,,1 acte,prose,,
5075,Café ou l'Écossaise (Le) ou L'Écossaire ou le Café,Voltaire (François-Marie Arouet dit),comédie,,5,prose,,
4887,Caïus Marcius Coriolan ou le Danger d'offenser un grand homme,Gudin de La Brenellerie (Paul-Philippe),tragédie,,4,vers,,
4889,Caliste,Colardeau (Charles-Pierre),tragédie ,,5,vers,,14 AOUT 1776
1146,Caliste ou la Belle pénitente,"Mauprie (Olivier Hubert Angélique Gourjaut de Mauprie, marquis de)",tragédie,,5,vers,,12 NOV 1760
5492,Callisthène,Piron (Alexis),tragédie,,5 actes,vers,,27 AVR 1750
5493,"Camma, reine de Galatie",Corneille (Thomas),tragédie,,5 actes,vers,,
5666,Camp de Porché-Fontaine (Le),Grandval (Nicolas Racot de),comédie,,1 acte,prose,X,
5667,Campagnard (Le),Gillet de La Tessonerie,comédie,,5 actes,vers,,
5642,Caprice et la Ressource (Le),Le Mascrier (Jean-Baptiste),prologue,,1 acte,vers,,
5076,Caprice ou l'Épreuve dangereuse (Le),Renout (Jean-Julien-Constantin),comédie,,3,prose,,
5668,Capricieux ou les Apparences trompeuses (Le),Rousseau (Jean-Baptiste),comédie,,5 actes,vers,,
5758,Captifs (Les),Roy (Pierre-Charles) ; La Font (Joseph de),comédie,X,3 actes,vers,X,
5759,Caractères de Thalie (Les),Fagan (Barthélemy-Christophe),comédie,X,3 actes,prose / vers,X,
5669,Carnaval de Venise (Le),Dancourt (Florent Carton dit),comédie héroïque,,5 actes,,,
5760 et 5247,Carosses d'Orléans (Les),La Chapelle (Jean de) ,comédie,,1,prose,,
5494,Cartouche ou les Voleurs,Legrand (Marc-Antoine),comédie,,3 actes,prose,X,9 AOUT 1680
5584,Cassette (La),"Brécourt (Guillaume Marcoureau, sieur de Brécourt, dit)",comédie,,5 actes,vers,X,
5495,Cassius et Victorinus martyrs,La Grange-Chancel (François-Joseph de),tragédie,,5 actes,vers,,
4890,Catilina,Crébillon (Prosper Jolyot de),tragédie,,5,vers,,
5696,Caton d'Utique,Deschamps (François-Michel-Chrétien),tragédie,,5 actes,vers,,20 DEC 1748
4965,Cavalcade (La),Dancourt (Florent Carton dit),divertissement,,,,x,
5077,Célibataire (Le),Dorat (Claude-Joseph),comédie,,5,vers libres,,
4891,Cénie,Graffigny (Françoise de),drame ,,5,prose,,
5078,Centenaire de Molière (Le),Artaud (Jean-Baptiste),comédie,,1,vers et prose,x,25 JUIN 1750
5497,Céphale et Procris,Dancourt (Florent Carton dit),comédie,X,3 actes,vers,X,
4892,Céramis,Le Mierre (Antoine-Marin) ,tragédie,,5,vers,,
5079,Cercle ou la Soirée à la mode (Le),Poinsinet (Antoine-Alexandre-Henri) ,comédie épisodique,,1,prose,,29 DEC 1785
5080,Charivari (Le),Dancourt (Florent Carton dit) ,comédie,,1,prose,X,
4893,Charles IX ou l'École des rois,Chénier (Marie-Joseph de),tragédie ,,5,vers,,
5761,"Charmes de Félicie, tirés de la Diane de Montemayor (Les)",Montauban (Jacques Pousset de),pastorale,,5 actes,vers,X,4 NOV 1789
5585,Chasse du cerf (La),Legrand (Marc-Antoine),comédie-ballet,X,3 actes,prose,X,
5586,Chasse ridicule (La),Anonyme,comédie,,1 acte,prose,,
5248,Châteaux en Espagne (Les),Collin d'Harleville (Jean-François),comédie,,5,vers,,
5249,Chérusques (Les),Bauvin (Jean-Grégoire),tragédie,,5,vers,,20 FEVRIER 1789
5670 et 5081,Chevalier à la mode (Le),Dancourt (Florent Carton dit) ,comédie,,5,prose,,26 SEPTEMBRE 1772
5671,Chevalier Bayard (Le),Autreau (Jacques),comédie héroïque,,5 actes,vers,,
5082,Chevalier français à Londres (Le),Dorat (Claude-Joseph),comédie,,3,vers,,
5083,Chevalier français à Turin (Le),Dorat (Claude-Joseph),comédie,,3,vers,,
5672,Chevalier joueur (Le),Du Fresny (Charles),comédie,,5 actes,prose,,
5084,Chevalier sans peur et sans reproche ou les Amours de Bayard (Le),Boutet de Monvel (Jacques-Marie) ,comédie héroïque,,4,prose,,
5498,Childéric,Morand (Pierre de),tragédie,,5 actes,vers,,
5085,Chirurgien de village (Le),Simon-Chauvot,comédie,,1,prose,,
5086,Cid (Le),Corneille (Pierre),tragi-comédie / tragédie,,5,vers,,
4894,Cinna ou la Clémence d'Auguste,Corneille (Pierre),tragédie,,5,vers,,
5499,"Cléarque, tyran d'Héraclée",Gomez (Madeleine-Angélique de),tragédie,,5 actes,vers,,
4895,Clémentine et Desormes,Boutet de Monvel (Jacques-Marie) ,drame,,5,prose,,
4896,Cléopâtre,Marmontel (Jean-François) ,tragédie,,5,vers,,14 DEC 1780
5500,Cléopâtre ,La Chapelle (Jean de),tragédie,,5 actes,vers,,20 MAI 1750
5087 et 5673,Cocher supposé (Le),"Hauteroche (Noël Lebreton, sieur de)",comédie,,1,prose,,
4897,Colin-Maillard,Dancourt (Florent Carton dit) ,comédie,,1,prose,X,
4966,Colonie (La),Saint-Foix (Germain-François Poullain de),comédie,x,3,prose,,28 OCT 1701
5587,Comédie des comédiens ou l'Amour charlatan (La),Dancourt (Florent Carton dit),comédie,,3 actes,prose,X,25 OCT 1749
5674,Comédien poète (Le),"Montfleury (Antoine Jacob, dit)",comédie,,5 actes,vers,X,
5588,Comète (La),Fontenelle (Bernard le Bouyier de),comédie,,1 acte,prose,X,
5088,Complaisant (Le),"Pont-de-Veyle (Antoine de Fériol, comte de)",comédie,,5,prose,X,
5092,Comte d'Essex (Le),Corneille (Thomas),tragédie,,5,vers,,
5090,Comte de Warwick (Le),La Harpe (Jean François de),tragédie,,5,vers,,
5091,Comte de Warwick (Le),Cahusac (Louis de),tragédie,,5,vers,,
4968,Comtesse d'Escarbagnas (La),Molière (Jean-Baptiste Poquelin dit) ,comédie,,1,prose,(X),
4969 et 5589,Comtesse d'Orgueil (La),Corneille (Thomas),comédie,,5,vers,,
4967,Comtesse de Chazelle (La),"Montesson (Charlotte-Jeanne Béraud de La Haie de Riou, comtesse de)",comédie,,5,vers,,
5590,Comtesse de Follenville (La),"Carcavy (Charles-Alexandre, abbé)",comédie,,1 acte,prose,,6 MAI 1785
5093,Concert (Le),Bret (Antoine),comédie,,1,prose,X,
5094,Concert ridicule (Le),Palaprat (Jean de),comédie,,1,prose,X,
5095,Conciliateur ou l'Homme aimable (Le),Demoustier (Charles-Albert),comédie,,5,vers,,
5250,Confidences réciproques (Les),Simon (Claude-François),comédie,,1,vers libres,,
5096,Consentement forcé (Le),Guyot de Merville (Michel),comédie,,1,prose,X,3 AOUT 1747
5097,Conteur ou les Deux postes (Le),Picard (Louis-Benoît),comédie,,3,prose,,
4970,Coquette corrigée (La),"La Noue (Jean-Baptiste Simon Sauvé de La Noue, dit)",comédie,,5,vers,,
4971,Coquette de village ou le lot supposé (La),Du Fresny (Charles),comédie,,3,vers,,
4972,Coquette et la fausse prude (La),Baron,comédie,,5,prose,,
5251,Coquettes rivales (Les),Lantier (Étienne François de),comédie,,5,vers,,
5501,Corésus et Callirhoé,La Fosse (Antoine de),tragédie,,5 actes,vers,,6 FEVRIER 1786
4898,Coriolan,La Harpe (Jean François de),tragédie,,5,vers,,
4899,Coriolan,Mauger,tragédie,,5,vers,,2 MARS 1784
5502,Coriolan,"Abeille (Gaspard, abbé)",tragédie,,5 actes,vers,,10 JANV 1748
5503,Coriolan,Chaligny des Plaines (François de),tragédie,,5 actes,vers,,
4900,Corneille aux Champs-Élysées,Riouffé (Honoré),comédie,,1,vers libres,,
5504,Cornélie mère des Gracques,Barbier (Marie-Anne),tragédie,,5 actes,vers,,4 OCT 1784
5505,Cornélie vestale,Hénault (Charles-Jean-François),tragédie,,5 actes,vers,,
4901,Cosroès,Lefèvre (Pierre-François-Alexandre),tragédie,,5,vers,,
4902,Cosroès,Mauger,tragédie,,5,vers,,26 AOUT 1767
5506,Cosroès,Rotrou (Jean de) ; Ussé (Louis II Bernin de Valentinay d'),tragédie,,5 actes,vers,,20 AVR 1752
4973,Coupe enchantée (La),"La Fontaine (Jean de) ; Champmeslé (Charles Chevillet, sieur de Champmeslé, dit)",comédie,,1,prose,,
5252,Coups de l'amour et de la fortune (Les),Quinault (Philippe),tragi-comédie,,5,vers,,
5762,Courses de Tempé (Les),Piron (Alexis),pastorale,,1 acte,vers,X,
5223,Courtisanes ou l'Écueil des mœurs (Les),Palissot de Montenoy (Charles),comédie,,3,vers,,
5098,Couvent ou les Fruits du caractère et de l'éducation (Le),Laujon (Pierre),comédie,,1,prose,,
4974,Créole (La),La Morlière (Jacques Rochette de),comédie,,1,prose,X,
4903,Crispin bel esprit,"La Tuillerie (Jean-François Juvenon, sieur de La Tuillerie, dit)",comédie,,1,vers,,
4904,Crispin médecin,"Hauteroche (Noël Lebreton, sieur de)",comédie,,3,vers,,11 JUIL 1681
5507,Crispin musicien ,"Hauteroche (Noël Lebreton, sieur de)",comédie,,5 actes,vers,X,
4906,Crispin précepteur,"La Tuillerie (Jean-François Juvenon, sieur de La Tuillerie, dit)",comédie,,1,vers,,
4907,Crispin rival de son maître,Lesage (Alain-René),comédie,,1,prose,,
5591,Critique de l'École des femmes (La),Molière (Jean-Baptiste Poquelin dit),comédie,,1 acte,prose,,15 MARS 1707
5592,Critique de la Fausse antipathie (La),"La Chaussée (Pierre-Claude Nivelle de La Chaussée, dit Pierre-Claude)",comédie,,1 acte,prose/vers,,
5593,Critique du Légataire universel (La),Regnard (Jean-François),comédie,,1 acte,prose,,
4908,Cromwel,Maillet-Duclairon (Antoine),tragédie,,5,vers,,
5253,Curieux de Compiègne (Les) ou Les Camps de Compiègne,Dancourt (Florent Carton dit) ,comédie,,1,prose,X,7 JUIN 1764
5099,Curieux impertinent (Le),Destouches,comédie,,5,vers,,4 octobre 1698
5508,Cyrus,Danchet (Antoine),tragédie,,5 actes,vers,,
5594,Dame à la mode ou la Suite de la coquette (La) ,Dancourt (Florent Carton dit),comédie,,5 actes,vers,,
5763,Dames vengées ou la Dupe de soi-même (Les),Corneille (Thomas) ; Donneau de Vizé (Jean),comédie,,5 actes,prose,,
5509,Danaé ou Jupiter Crispin,La Font (Joseph de),comédie,x,1 acte,vers,,
5254,Dangers de l'opinion (Les),Laya (Jean-Louis),drame,,5,vers,,
5675,Débauché (Le),Baron (Michel Boyron dit),comédie,,1 acte,vers,,19 JANVIER 1790
5100,Dédit (Le),Du Fresny (Charles),comédie,,1,vers,,
5676,Dédit (Le),Anonyme,comédie,,5 actes,vers,,
5255,Dehors trompeurs ou l'Homme du jour (Les),Boissy (Louis de),comédie,,5,vers,,
5101,Déjeuner interrompu (Le),Montanclos (Marie-Émilie de),comédie,,2,prose,,18 FEVRIER 1740
5510,Démétrius ,"Aubry (Jean-Baptiste Aubry des Carrières, dit )",tragédie,,5 actes,vers,,
18 et 900 et 4909,Démocrite amoureux,Regnard (Jean-François),comédie,,5,vers,,
4910,Denis le tyran,Marmontel (Jean-François) ,tragédie,,5,vers,,12 JANV 1700
5102,Dénouement imprévu (Le),Marivaux (Pierre de),comédie,,1,prose,X,5 FEV 1748
5103,Dépit amoureux (Le),Molière (Jean-Baptiste Poquelin dit) ,comédie,,5,vers,,
5677,Désespoir extravagant (Le),Subligny (Adrien-Thomas Perdou de),comédie,,,,,
5595,Désolation des joueuses (La) ,Dancourt (Florent Carton dit),comédie,,1 acte,prose,,
4911,Deucalion et Pirrha,Saint-Foix (Germain-François Poullain de),comédie,X,1,prose,X,
5104,Deuil (Le),"Hauteroche (Noël Lebreton, sieur de)",comédie,,1,vers,X,20 FEV 1741
5256,Deux amis (Les),Dancourt (Louis Hurtaut),comédie bouffonne,,3,prose,,
5257,Deux amis ou le Négociant de Lyon (Les),Beaumarchais (Pierre-Augustin Caron de),drame,,5,prose,,9 AOUT 1762
5258,Deux frères (Les),Dubois de Rochefort (Guillaume),comédie,,5,vers,,13 JANVIER 1770
5259,Deux frères ou la Prévention vaincue (Les),Moissy (Alexandre-Guillaume de),comédie,,5,vers,,12 AVRIL 1785
5260,Deux nièces (Les),Boissy (Louis de),comédie,,5,vers,,27 JUILLET 1768
5261,Deux sœurs (Les),Bret (Antoine),comédie,,2,prose,,17 JANVIER 1737
5596,Devineresse ou les Faux enchantements  (La),Corneille (Thomas) ; Donneau de Vizé (Jean),comédie,,5 actes,prose,X,20 NOVEMBRE 1767
5678,Diable boiteux (Le),Dancourt (Florent Carton dit),comédie,X,1 acte,prose,X,
4912,Didon,Le Franc de Pompignan (Jean-Jacques),tragédie,,5,vers,,
5626,Dieux comédiens ou la Métempsycose des amours (Les),Dancourt (Florent Carton dit),comédie,X,3 actes,vers,X,21 JUIN 1734
4975,Discipline militaire du Nord (La),Moline (Pierre-Louis),drame ,,5,prose,,
4976,Dispute (La),Marivaux (Pierre de),comédie,,1,prose,,
5105,Dissipateur ou l'Honnête friponne (Le),Destouches,comédie,,5,vers,,
5106,Distrait (Le),Regnard (Jean-François),comédie,,5,vers,,
5679,Divorce (Le),Champmeslé (Charles Chevillet dit),comédie,,5 actes,vers,X,
5680,Divorce de l'amour et de la raison ou le Vieux monde (Le),Pellegrin (Simon-Joseph),comédie,X,3 actes,vers,X,
5681,Divorce ou les Époux mécontents (Le),Avisse (Étienne-François),comédie,X,3 actes,vers,X,
5682,Docteur extravagant (Le),Beauregard,comédie,,5 actes,vers,,
4915,Dom Pasquin d'Avalos,Montfleury (Antoine Jacob dit),intermède,,1,vers,,
5511,Don Bertrand de Cigarral ,Corneille (Thomas),comédie,,5 actes,vers,X,3 MAI 1688
5512,Don César Ursin,Lesage (Alain-René),comédie,,5 actes,prose,,
4914,Don Japhet d'Arménie,Scarron (Paul),comédie,,5,vers,X,
5513,Don Ramire et Zaïde,La Chazette (de),tragédie,,5 actes,vers,,
4916,Don Sanche d'Aragon,Corneille (Pierre),comédie héroïque,,5,vers,,
4977,Double extravagance (La),Bret (Antoine),comédie,,3,vers,,
5107,Double veuvage (Le),Du Fresny (Charles),comédie,X,3,prose,X,
5597,Dragonne ou Merlin dragon (La),Desmarres,comédie,,1 acte,prose,X,
5108,Droit du seigneur (Le) ou L'Écueil du sage,Voltaire (François-Marie Arouet dit),comédie,,3 ou 5,vers,,
5262,Druides (Les),Le Blanc de Guillet (Antoine),tragédie,,5,vers,,
5109,Duc de Surrey (Le) ou Le Comte de Neuilly,Boissy (Louis de),pièce héroïque ,,5,vers,X,7 MARS 1772
5598,Dupe amoureuse (La),"Rosimond (Claude Rose, sieur de)",comédie,,1 acte,vers,,
4918,Dupuis et Desronais - Dupuis et des Renais - Dupuis et des Ronais,Collé (Charles),comédie,,3,vers libres,,
5764,Eaux de Bourbon (Les),Dancourt (Florent Carton dit),comédie,,1 acte,prose,X,17 JANV 1763
5548,Éclipse (L'),Dancourt (Florent Carton dit),comédie,,1 acte,prose,X,
5213,École amoureuse (L'),Bret (Antoine),comédie,,1,vers libres,,
5549,École de l'hymen (L'),Pellegrin (Simon-Joseph),comédie,X,3 actes,prose/vers,X,11 SEPTEMBRE 1747
5214,École de la jeunesse ou le Retour sur soi-même (L'),La Chaussée (Pierre-Claude),comédie,,5,vers,,
5550,École des amants (L'),Jolly (François Antoine),comédie,,3 actes,vers,,22 FEVRIER 1749
5215,École des amis (L'),La Chaussée (Pierre-Claude),comédie,,5,vers,,
5216,École des bourgeois (L'),Allainval (Léonor-Jean-Christine Soulas d'),comédie,x,3,prose,,
5217,École des femmes (L'),Molière (Jean-Baptiste Poquelin dit) ,comédie,,5,prose,,
5551,École des jaloux ou le Cocu volontaire (L') ou La Fausse Turquie ou l'École des jaloux,Montfleury,comédie,,3 actes,vers,,
5218,École des maris (L'),Molière (Jean-Baptiste Poquelin dit) ,comédie,,3,prose,,
5219,École des mères (L'),La Chaussée (Pierre-Claude),comédie,,5,vers,,
5220,École des moeurs ou les Suites du libertinage (L'),Fenouillot de Falbaire de Quingey (Charles-Georges),drame,,5,vers,,
5222,École des pères (L'),Pieyre (Alexandre),comédie,,5,vers,,
5221,École des pères ou les Fils ingrats (L'),Piron (Alexis),comédie,,5,vers,,
5552,École du monde (L'),Voisenon (Claude-Henri de Fusée de),dialogue,x,1 acte,vers,,10 OCTOBRE 1728
5553,Écolier de Salamanque ou les Généreux ennemis (L'),Scarron (Paul),"tragi-comédie
",,5 actes,vers,,
5224,Écueil du sage (L'),Voltaire (François-Marie Arouet dit),comédie,,5,vers,,
4919,Edgar ou le Page supposé,Chénier (Marie-Joseph de),comédie ,,2,vers,,
5514,Édouard III,Gresset (Jean-Baptiste-Louis),tragédie,,5 actes,vers,,14 NOV 1785
5554,Effet de la prévention (L'),Anonyme,comédie,,1 acte,prose,X,
5263,Effets du caractère (Les),"Du Roullet (François-Louis Gand Le Bland, bailli)",comédie,,5,vers,,
4920,Égérie,Saint-Foix (Germain-François Poullain de),comédie,,1,prose,X,3 février 1752
5225,Égoïsme (L'),Cailhava de L'Estandoux (Jean-François),comédie,,5,vers,,9 SEPT 1747
4921,Égyptus,Marmontel (Jean-François) ,tragédie,,5,vers,,19 JUIN 1777
4922,Électre,Crébillon (Prosper Jolyot de),tragédie,,5,vers,,5 FEV 1753
5515,Électre,Longepierre (Hilaire-Bernard de),tragédie,,5 actes,vers,,14 DEC 1708
5765,Empiriques (Les),Brueys (David-Augustin de) ; Palaprat (Jean de),comédie,,3 actes,prose,,
5555,Enfant gâté (L'),Anonyme,comédie,,1 acte,prose,,
5226,Enfant prodigue ou L'École de la jeunesse (L'),Voltaire (François-Marie Arouet dit),comédie,,5,vers,,
5599,Enfants de Paris (Les) ou La Famille à la mode (La) ou Finette ,Dancourt (Florent Carton dit),comédie,,5 actes,vers,,10 OCTOBRE 1736
5264,Engagements indiscrets (Les),Devaux (François-Antoine),comédie,,1,prose,,
5766,Enlèvements (Les),Baron (Michel Boyron dit),comédie,,1 acte,prose,,26 octobre 1752
5556,Entêté (L'),Anonyme,comédie,,1 acte,prose,,
5557,Entêtement ridicule (L'),Anonyme,comédie,,1 acte,vers,,
5227,Entrevue (L'),Vigée (Louis-Jean-Baptiste-Étienne),comédie,,1,vers,,
5558,Envieux ou la Critique du Philosophe marié (L'),Destouches,comédie,,1 acte,prose,,6 DECEMBRE 1788
4923,Épicaris ou la Mort de Néron,Ximénès (Augustin-Louis de),tragédie,,5,vers,,
4924,Éponine,Chabanon (Michel Paul Guy de),tragédie,,5,vers,,2 JANV 1753
5228,Épouse à la mode (L'),La Place (Pierre-Antoine de),comédie,,3,vers,,6 DEC 1762
5229,Époux par supercherie (L'),Boissy (Louis de),comédie,,2,vers,,25 OCTOBRE 1760
5767,Époux réunis ou la Veuve fille et femme (Les),Guyot de Merville (Michel),comédie,,5 actes,vers,,9 MARS 1744
5230,Épreuve (L'),Marivaux (Pierre de),comédie,,1,prose,,
5559,Épreuve dangereuse (L'),Anonyme,comédie,,5 actes,vers,,
5231,Épreuve délicate (L'),Grouvelle (Philippe-Antoine),comédie,,3,vers,,
5232,Épreuve imprudente (L'),Mauger,comédie,,3,vers libres,,20 JUIN 1785
5233,Épreuve indiscrète (L'),Bret (Antoine),comédie,,2,vers,,4 DECEMBRE 1748
5234,Épreuve réciproque (L'),Legrand (Marc-Antoine ); Lesage (Alain-René),comédie,,1,prose,,30 JANVIER 1764
5234,Épreuve réciproque (L'),Legrand (Marc-Antoine),comédie,,1 acte,prose,,1711
5265,Épreuves (Les),Forgeot (Nicolas-Julien),comédie,,1,vers,,
4925,Éricie ou la Vestale,Dubois-Fontanelle (Joseph-Gaspard),tragédie,,3,vers,,29 JANVIER 1785
5517,Érigone,La Grange-Chancel (François-Joseph de),tragédie,,5 actes,vers,,19 AOUT 1789
5518,Ériphile,"Voltaire (François-Marie Arouet, dit)",tragédie,,5 actes,vers,,
5314,Esclavage de nègres ou l'Heureux naufrage (L'),Gouges (Olympe de),drame,,3,prose,,
4926,Ésope à la cour,Boursault (Edme) ,comédie héroïque,x,5,vers,,
5519,Ésope au Parnasse,Pesselier (Charles-Étienne),comédie,,1 acte,vers,X,16 DEC 1701
5315 et 1350,Esprit de contradiction (L'),Du Fresny (Charles),comédie,,1,prose,,
5316,Esprit follet ou la Dame invisible (L'),"Hauteroche (Noël Lebreton, sieur de)",comédie,,5,vers,,27 AOUT 1700
5317 et 5560,Été des coquettes (L'),Dancourt (Florent Carton dit) ,comédie,,1,prose,,22 FEVRIER 1684
5318,Étourderie (L'),Fagan (Barthélemy-Christophe),comédie,,1,prose,,12 JUILLET 1690
5319,Étourdi ou les Contretemps (L'),Molière (Jean-Baptiste Poquelin dit) ,comédie,,5,vers,,18 JUILLET 1737
5267,"Étrennes de l'amitié, de l'amour et de la nature (Les)",Dorvigny,comédie,,1,vers,,
5266,Étrennes de l’amour (Les),Cailhava de L'Estandoux (Jean-François),comédie-ballet,,1,prose,x,1er janvier 1780
4927,Eugénie,Beaumarchais (Pierre-Augustin Caron de),drame ,,5,prose,,1er janvier 1769
5268,Fables d'Ésope ou Ésope à la ville (Les) ou Les Fables d'Ésope,Boursault (Edme) ,comédie ,x,5,vers et vers libres,,29 JANV 1767
5110,Fabricant de Londres (Le),Fenouillot de Falbaire de Quingey (Charles-Georges),drame ,,5,prose,,
5768,Fâcheux (Les),Molière (Jean-Baptiste Poquelin dit) ,comédie-ballet,X,3,vers,(X),
4978,Famille extravagante (La),Legrand (Marc-Antoine),comédie,,1,vers,X,
5356,Fanatisme ou Mahomet le prophète (Le),Voltaire (François-Marie Arouet dit),tragédie,,5,vers,,
5111,Fat (Le) ou Le Suffisant ou Le Petit maître dupé,Lattaignant de Bainville,comédie,,5,vers,,
5112,Fat puni (Le),"Pont-de-Veyle (Antoine de Fériol, comte de)",comédie,,1,prose,X,
5683,Faucon (Le),Barbier (Marie-Anne),comédie,,1 acte,vers,,
4979,Fausse Agnès ou le Poète campagnard (La),Destouches,comédie,,3,prose,,
4980,Fausse antipathie (La),La Chaussée (Pierre-Claude),comédie,x,3,vers,,
4981,Fausse apparence ou le Jaloux malgré lui (La),Imbert (Barthélemy),comédie,,3,vers,,
5600,Fausse comtesse (La),Allainval (Léonor-Jean-Christine Soulas d'),comédie,,1 acte,prose,X,
4982,Fausse coquette (La),Vigée (Louis-Jean-Baptiste-Étienne),comédie,,3,vers,,
5601,Fausse inconstance (La),Pellegrin (Simon-Joseph),comédie,,3 actes,vers,,
4983,Fausse inconstance ou le Triomphe de l'honnêteté (La),Beauharnais (Fanny de),comédie ,,5,prose,,
5273,Fausse présomption (La),Robert,comédie,,5,vers,,
5602,Fausse veuve ou le Jaloux sans jalousie (La),Destouches (Philippe Néricault dit),comédie,,1 acte,prose,,12 août 1789
5270,Fausses apparences (Les),Bellecour,comédie,,1,prose,,
5272,Fausses infidélités (Les),Barthe (Nicolas-Thomas),comédie,,1,vers,,17 août 1761
5684,Faux Gascon (Le),Raisin (Jacques),comédie,,1 acte,prose,,25 janvier 1768
5685,Faux honnête homme (Le),Du Fresny (Charles),comédie,,3 actes,prose,,
5114,Faux insouciant (Le),Simonet de Maisonneuve (Louis-Jean-Baptiste),comédie,,5,vers,,
5686,Faux instinct (Le),Du Fresny (Charles),comédie,,3 actes,prose,X,
5115,Faux noble (Le),Chabanon (Michel Paul Guy de),comédie,,5,vers,,
5116,Faux savant (Le) ou L'Amour précepteur ,Du Vaure (Jacques) ,comédie,,5 puis 3,prose,,
5687,Faux sincère (Le),Du Fresny (Charles),comédie,,5 actes,vers,,
5274,Fées (Les),Dancourt (Florent Carton dit) ,comédie,X,3,prose et vers libres,X,
5688,"Feint polonais, ou la Veuve impertinente (Le)","Hauteroche (Noël Lebreton, sieur de)",comédie,,3 actes,prose,,29 octobre 1699
4984,Feinte par amour (La),Dorat (Claude-Joseph),comédie,,3,vers,,
5603,Femme d'intrigues (La),Dancourt (Florent Carton dit),comédie,,5 actes,prose,,
5604,Femme fille et veuve (La),Legrand (Marc-Antoine),comédie,,1 acte,vers,,
4985,Femme juge et partie (La),Montfleury (Antoine Jacob dit),comédie,,5,vers,,
5605,Femme têtue ou le médecin hollandais (La),"Robbe, Jacques",comédie,,1 acte,vers,,
5276,Femmes savantes (Les),Molière (Jean-Baptiste Poquelin dit) ,comédie,,5,vers,,
4928,Fernand-Cortès,Piron (Alexis),tragédie,,5,vers,,
5117,Festin de Pierre (Le),Corneille (Thomas),comédie,,5,vers,,8 JANV 1744 MONTEZUME
4986,Fête de village (La),Desfontaines (François-Georges),intermède,,1,musique,x,
4987,Fête de village ou les Bourgeoises de qualité (La),Dancourt (Florent Carton dit) ,comédie,,3,prose,X,
5769,Fêtes du cours (Les),Dancourt (Florent Carton dit),comédie,X,1 acte,prose,X,
4989,Fille capitaine (La),Montfleury (Antoine Jacob dit),comédie,,5,vers,,
4990,Fille d'Aristide (La),Graffigny (Françoise de),comédie,,5,vers,,
5606,Fille médecin (La),Anonyme,comédie,,1 acte,,,
5607,Fille supposée ou l'Héroïne de roman (La),La Grange-Chancel (François-Joseph de),comédie,,3 actes,vers,,
5608,Fille valet (La),Le neveu de l'abbé Abeille (Nicolas Abeille dit),comédie,,3 actes,vers,,
5118,Fils naturel ou les Épreuves de la vertu (Le),Diderot (Denis),drame ,x,5,prose,,
5119,Financier (Le),Saint-Foix (Germain-François Poullain de),comédie,,1,prose,,
5120,Flatteur (Le),Lantier (Étienne François de),comédie,,5,vers libres,,
5689,Flatteur (Le),Rousseau (Jean-Baptiste),comédie,,5 actes,prose,,
5121,Florentin (Le),La Fontaine (Jean de),comédie,,1,vers,,
4929,Florinde,Lefèvre (Pierre-François-Alexandre),tragédie,,5,vers,,
5609,Foire de Bezons (La),Dancourt (Florent Carton dit),comédie,,1 acte,prose,X,10 NOV 1770
4991,Foire de Saint-Laurent (La),Legrand (Marc-Antoine),comédie,,1,vers,X,
5610,Foire Saint-Germain (La),Dancourt (Florent Carton dit),comédie,,1 acte,prose,X,
4992,Folie du jour (La),Boissy (Louis de),comédie,,1,vers libres,X,
4993,Folie et l'Amour (La),Yon,comédie,,1,vers libres,X,
5277,Folies amoureuses (Les),Regnard (Jean-François),comédie,X,3,vers et vers libres,X,
5611,Folle enchère (La),Dancourt (Florent Carton dit),comédie,,1 acte,prose,,15 JANVIER 1704
5770,Fontanges maltraitées ou les Vapeurs (Les),Baron (Michel Boyron dit),comédie,,1 acte,prose,,
4994,Force du naturel (La),Destouches,comédie,,5,vers,,
5690,Fou de qualité (Le) ou Le Fou raisonnable,Poisson (Raymond),comédie,,1 acte,vers,X,
4917,Fou par amour (Le),Ségur (Joseph-Alexandre de),drame historique ,,1,vers,,
5612,Fourbe (Le),Le Noble (Eustache,comédie,,5 actes,prose,,29 JANV 1791 vérif autre titre Dorval
5278,Fourberies de Scapin (Les),Molière (Jean-Baptiste Poquelin dit) ,comédie,,3,prose,,
5771,Fous divertissants (Les),Poisson (Raymond),comédie,,3 actes,vers,X,
5772,Fragments de Molière (Les),Champmeslé (Charles Chevillet dit),comédie,,2 actes,prose,,
5122,Français à Londres (Le),Boissy (Louis de),comédie,,1,prose,,
5613,Française italienne (La),Legrand (Marc-Antoine),comédie,,1 acte,prose,X,
5520,Frontin gouverneur du château de Vertigililinguen,Anonyme,comédie,,1 acte,,,
5521,Gabinie,Brueys (David-Augustin de),tragédie,,5 actes,vers,,
4930,Gabrielle de Vergy,Belloy (Pierre Laurent de),tragédie,,5,vers,,
4995,Gageure de Village (La),Colomb de Seillans,comédie,,1,prose,X,12 JUIL 1777
4996,Gageure imprévue (La),Sedaine (Michel-Jean),comédie,,1,prose,,
5123,Galant coureur ou l'Ouvrage d'un moment (Le),Legrand (Marc-Antoine),comédie,,1,prose,X,
5124,Galant jardinier (Le),Dancourt (Florent Carton dit) ,comédie,,1,prose,X,
4931,Gaston et Baïard ou Gaston et Bayard,Belloy (Pierre Laurent de),tragédie,,5,vers,,
5125,Gâteau des rois (Le),Imbert (Barthélemy),comédie,x,1,vers,,24 AVRIL 1771
5614,Gazette de Hollande (La),Dancourt (Florent Carton dit),comédie,,1 acte,prose,,
5691,Gênois (Le),Anonyme,comédie,,1 acte,,,
5692,Gentilhomme meunier (Le),Anonyme,comédie,,1 acte,,,
5693,Geôlier de soi-même ou Jodelet prince (Le),Corneille (Thomas),comédie,,5 actes,vers,,
4932,George Dandin ou le Mari confondu,Molière (Jean-Baptiste Poquelin dit) ,comédie,,3,prose,(X),
5522,Germanicus,Pradon (Nicolas),tragédie,,5 actes,vers,,
5523,Géta,Péchantrés (Nicolas de),tragédie,,5 actes,vers,,
5126,Glorieux (Le),Destouches,comédie,,5,vers,,
4997,Gouvernante (La),La Chaussée (Pierre-Claude),comédie,,5,vers,,
5279,Grâces (Les),Saint-Foix (Germain-François Poullain de),comédie,,1,prose,X,
5773,Grisettes ou Crispin chevalier (Les),Champmeslé (Charles Chevillet dit),comédie,,1 acte,vers,,23 juillet 1744
5127,Grondeur (Le),Palaprat (Jean de),comédie,x,3,prose et vers libres,,
5615,Grondeuse (La),Fagan (Barthélemy-Christophe),comédie,,1 acte,prose,X,
5694,Gros lot de Marseille (Le),Anonyme,comédie,,1 acte,prose,,
4933,Guillaume Tell,Le Mierre (Antoine-Marin) ,tragédie,,5,vers,,
5616,Guinguette de la finance (La),Dancourt (Florent Carton dit),comédie,,1 acte,prose,X,17 DEC 1766
4934,Gustave Wasa,Piron (Alexis),tragédie,,5,vers,,
5524,Habis,Gomez (Madeleine-Angélique de),tragédie,,5 actes,vers,,3 FEV 1733
4935,Hamlet,Ducis (Jean-François),tragédie,,5,vers,,
4936,Henriette,Raucourt (Françoise-Marie-Antoinette-Josèphe Saucerotte dite Mademoiselle),drame,,3,prose,,30 SEPT 1769
5280,Héraclides (Les),Marmontel (Jean-François) ,tragédie,,5,vers,,1 MARS 1782
5774,Héraclides (Les),Brie (de),tragédie,,5 actes,vers,,24 mai 1752
5775,Héraclides (Les),Danchet (Antoine),tragédie,,5 actes,vers,,
4937,"Héraclius, empereur d'Orient",Corneille (Pierre),tragédie,,5,vers,,
4938,Hercule,Renout (Jean-Julien-Constantin),tragédie,,5,vers,,
5525,Hercule,"La Tuillerie (Jean-François Juvenon de La Tuillerie, dit)",tragédie,,5 actes,vers,,28 FEV 1757
4939,Hercule au mont Œta ,Lefèvre (Pierre-François-Alexandre),tragédie,,5,vers,,
5526,Hercule et Omphale,"Palaprat (Jean de, sieur de Bigot)",comédie,,5 actes,vers,,24 MAI 1787
5561,Héritier ridicule ou la Dame intéressée (L'),Scarron (Paul),comédie,,5 actes,vers,,
5527,Hérode,"Nadal (Augustin, abbé)",tragédie,,5 actes,vers,,
4940,Hérode et Mariamne,Voltaire (François-Marie Arouet dit),tragédie,,5,vers,,
5528,Héroïne (L'),Anonyme,comédie,,1 acte,,,10 AVR 1725
5128,Héros français ou le Siège de Saint-Jean-de-Lone (Les),Dussieux (Louis),drame héroïque ,,4,prose,,
5562,Heure du berger (L'),Boizard de Ponteau (Claude-Florimond),comédie,,1 acte,prose,X,
5320,Heureuse rencontre (L'),Falconnet (Françoise-Cécile) ; Rozet (Madame),comédie,,1,prose,,
4941,Heureusement,Rochon de Chabannes (Marc-Antoine-Jacques),comédie,,1,vers,,
5563,Heureux échange (L'),Anonyme,comédie,,5 actes,vers,,29 NOV 1762
5321,Heureux retour (L'),Fagan (Barthélemy-Christophe),comédie,,1,vers,X,
4942,Hirza ou les Illinois,Billardon de Sauvigny (Edme-Louis),tragédie,,5,vers,,
5322,Homme à bonne fortune (L'),Baron (Michel Boyron dit),comédie,,5,prose,,27 MAI 1767
5564,Homme à bonnes fortunes (L'),Baron (Michel Boyron dit),comédie,,5 actes,prose,,18 DECEMBRE 1686
5323,Homme personnel (L'),Barthe (Nicolas-Thomas),comédie,,5,vers,,
5324,Homme singulier (L'),Destouches,comédie,,5,vers,,21 FEVRIER 1778
5281,Hommes (Les),Saint-Foix (Germain-François Poullain de),comédie-ballet,,1,prose,X,5 NOVEMBRE 1764
5325,Honnête criminel ou l'Amour filial (L'),Fenouillot de Falbaire de Quingey (Charles-Georges),drame,,5,vers,,02 JUIN 1753
4943,Horace ou Les Horaces,Corneille (Pierre),tragédie,,5 actes,vers,,4 JANVIER 1790
5326,Hôtellerie ou le Faux ami (L'),Bret (Antoine),comédie,,5,vers,,
4944,Hylas et Sylvie,Rochon de Chabannes (Marc-Antoine-Jacques),pastorale ,,1,prose,,13 SEPTEMBRE 1785
4945,Hypermnestre,Le Mierre (Antoine-Marin) ,tragédie,,5,vers,,10 DEC 1768
4946,Hypermnestre,Riupeirous (Théodore de),tragédie,,5,vers,,31 AOUT 1758
4947,Idoménée,Le Mierre (Antoine-Marin) ,tragédie,,5,vers,,13 FEV 1704 OU LYNCEE ?
5529,Idoménée,Crébillon père (Prosper Jolyot de Crébillon dit),tragédie,,5 actes,vers,,13 FEV 1764
5166,Il y a une bonne justice ou le Paysan magistrat ou Le Paysan magistrat,Collot d'Herbois,drame ,,5,prose,,
5565,Île de la raison ou les Petits hommes (L'),Marivaux (Pierre de),comédie,X,3 actes,prose,X,
5327,Île déserte (L'),Collet de Messine (Jean-Baptiste),comédie,,1,vers,,
5328,Île sauvage (L'),Saint-Foix (Germain-François Poullain de),comédie,X,3,prose,X,23 AOUT 1758
5329,Impatient (L'),Lantier (Étienne François de),comédie,,1,vers libres,,5 JUILLET 1743
5330,Impatient (L'),Poinsinet (Antoine-Alexandre-Henri) ,comédie,,1,vers,,3 SEPTEMBRE 1778
5566,Impatient (L'),Boissy (Louis de),comédie,x,5 actes,vers,,9 JUILLET 1757
5331,Impertinent (L') ou Le Billet perdu,Desmahis (Joseph-François-Edouard de Corsembleu),comédie,,1,vers libres,,
5567,Impertinent malgré lui (L'),Boissy (Louis de),comédie,,5 actes,vers,,31 AOUT 1750
5332,Important de cour (L'),Brueys (David-Augustin de) ; Palaprat (Jean de),comédie,,5,prose,,
5333,Impromptu de campagne (L'),Poisson (Philippe),comédie,,1,vers,,15 DECEMBRE 1693
5570,Impromptu de garnison (L'),Dancourt (Florent Carton dit),comédie,,1 acte,prose,,21 DECEMBRE 1733
5568,Impromptu de la folie (L'),Legrand (Marc-Antoine),ambigu-comique,X,2 actes,prose,X,
5569,Impromptu de Suresnes (L'),Dancourt (Florent Carton dit),comédie-ballet,X,1 acte,prose,X,
5334,Inauguration du Théâtre français (L'),Imbert (Barthélemy),pièce,,1,vers,,
5571 et 5451 et 5435,Inconnu (L'),Corneille (Thomas),comédie,X,5,vers,X,9 AVRIL 1782
5336,Inconséquent (L'),Lantier (Étienne François de),comédie,,5,vers,,
5338,Inconstant (L'),Collin d'Harleville (Jean-François),comédie,,5,vers,,31 MAI 1788
5339,Indécis (L'),Dufaut,comédie,,5,vers,,13 JUIN 1786
5340,Indiscret (L'),Voltaire (François-Marie Arouet dit),comédie,,1,vers,,2 AOUT 1759
4948,Inès de Castro,La Motte (Antoine Houdar de),tragédie,,5,vers,,18 AOUT 1725
5341,Ingrat (L'),Destouches,comédie,,5,vers,,6 AVRIL 1723
4949,Ino et Mélicerte,La Grange-Chancel (François-Joseph de),tragédie,,5,vers,,28 JANVIER 1712
5342,Inquiet (L'),Fagan (Barthélemy-Christophe),comédie,,1,vers,,10 MARS 1713
4951,Iphigénie en Tauride,Guimond de La Touche (Claude),tragédie,,5,vers,,19 OCTOBRE 1765
4950,Iphigénie ou Iphigénie en Aulide,Racine (Jean),tragédie,,5,vers,,4 JUIN 1757
4952,Irène,Voltaire (François-Marie Arouet dit),tragédie,,5,vers,,
4953,Irène ou l'Innocence reconnue,Boistel d'Welles (Jean-Baptiste-Robert ou Robert),tragédie,,5,vers,,16 MARS 1778
5343,Irrésolu (L'),Destouches,comédie,,5,vers,,6 NOV 1762
5572,Italie galante ou les contes (L'),La Motte (Antoine Houdar de),ambigu-comique,X,3 actes,prose,X,5 JANVIER 1713
5617,Jalouse d'elle-même (La),Boisrobert (François Le Métel de),comédie,,5 actes,vers,,
5129,Jaloux (Le),Bret (Antoine),comédie,,3,vers,,
5130,Jaloux (Le),Rochon de Chabannes (Marc-Antoine-Jacques),comédie,,5,vers libres,,
5695,Jaloux (Le),Baron (Michel Boyron dit),comédie,,5 actes,vers,,11 MARS 1784
5131,Jaloux désabusé (Le),Campistron (Jean Galbert de) ,comédie,,5,vers,,
5696,Jaloux honteux de l'être (Le),Du Fresny (Charles),comédie,,5 actes,prose,,
5697,Jaloux invisible (Le),"Brécourt (Guillaume Marcoureau, sieur de Brécourt, dit)",comédie,,3 actes,vers,X,
5698,Jaloux masqué (Le),Anonyme,comédie,,3 actes,,X,
5132,Jaloux sans amour (Le),Imbert (Barthélemy),comédie,,5,vers libres,,
5530,Je vous prends sans verd,"La Fontaine (Jean de) ; Champmeslé (Charles Chevillet dit)
",comédie,,1 acte,vers,X,
4954,Jean Calas,Laya (Jean-Louis),tragédie,,5,vers,,
4955,Jean-Jacques Rousseau à l'île de Saint-Pierre,"Genlis (Stéphanie-Félicité du Crest, comtesse de)",drame ,x,5,prose,,18 DEC 1790
4956,Jeanne d'Angleterre,La Place (Pierre-Antoine de),tragédie,,5,vers,,15 DEC 1791
4957,Jeanne de Naples,La Harpe (Jean François de),tragédie,,5,vers,,8 MAI 1748
4998,Jeune épouse (La),Cubières-Palmézeaux (Michel de),comédie,,3,vers,,12 DEC 1781
5133,Jeune homme (Le),Bastide (Jean-François de),comédie,,5,vers,,
5699,Jeune homme (Le),Anonyme,comédie,,1 acte,prose,,
4999,Jeune indienne (La),Chamfort (Sébastien-Roch-Nicolas de),comédie,,1,vers,,
5531,Joconde,Fagan (Barthélemy-Christophe),comédie,,1 acte,prose,X,
4958,"Jodelet, ou le Maître valet",Scarron (Paul),comédie,,5,vers,,
5532,Jonathas,Duché de Vancy (Joseph-François),tragédie,,3 actes,vers,,
5533,Joseph,"Genest (Charles-Claude, abbé)",tragédie,,5 actes,vers,,
5134,Joueur (Le),Regnard (Jean-François),comédie,,5,vers,,
5776,Joueurs (Les) ,Champmeslé (Charles Chevillet dit),comédie,,5 actes,vers,,
5618,Joueuse (La),Du Fresny (Charles),comédie,,5 actes,prose,X,
5135,Journaliste des ombres ou Momus au Champ-Élysées (Le),Aude (Joseph),pièce héroï-nationale ,,1,vers,,
5534,Judith,"Boyer (Claude, abbé)",tragédie,,5 actes,vers,,
5535,"Jugurtha, roi de Numidie",Péchantrés (Nicolas de),tragédie,,5 actes,vers,,
4961,Julie ou l'Heureuse épreuve,Saint-Foix (Germain-François Poullain de),comédie,,1,prose,,
4959,Julie ou le Bon père,Denon (Dominique-Vivant),comédie,,3,prose,,20 OCT 1746
4960,Julie ou le Triomphe de l'amitié,Marin (François-Louis-Claude),comédie,,3,prose,,14 JUIN 1769
5056,L'Assemblée,Lebeau de Schosne (Augustin-Théodore-Vincent),comédie ,,1,vers,,3 MARS 1762
5054,Lanval et Viviane ou les Fées et les chevaliers,André-Murville (Pierre-Nicolas),comédie héori-féérie,,5,vers,,
5653,"Laodamie, reine d'Epire",Bernard (Catherine),tragédie,,5 actes,vers,,
5700,Laquais fille (Le),Anonyme,comédie,,,,,
5057,Laurette,Oisemont (d'),comédie,,3,vers libres,,
5200,Le Temps passé ou le Triomphe du temps passé (Le) ,Legrand (Marc-Antoine),comédie,,1,prose,X,
5136,Légataire universel (Le),Regnard (Jean-François),comédie,,5,vers,,
5137,Legs (Le),Marivaux (Pierre de),comédie,,1,prose,,
5271,Les Fausses confidences,Marivaux (Pierre de),comédie,,3,vers,,
5275,Les Femmes,Demoustier (Charles-Albert),comédie,,4,vers,,
5296,Les Quatre sœurs,Lourdet de Santerre (Jean-Baptiste),comédie,,3,vers libres,,
5000,Liberté conquise ou le Despotisme renversé (La),Harny de Guerville,drame patriotique,,5,prose,,23 MAI 1793
5348,Loredan,Dubois-Fontanelle (Joseph-Gaspard),drame,,4,vers,,
5619,Loterie (La),Dancourt (Florent Carton dit),comédie,,1 acte,prose,,
5351,"Louis XII, Père du peuple",Ronsin (Charles-Philippe),tragédie,,3,vers,,
5352,Lovelace,Lemercier (Népomucène-Louis),comédie,,5,vers,,
5793,Lucas et Perrette,Fagan (Barthélemy-Christophe),comédie,,1 acte,prose,X,
5353,Lucrèce,Arnault (Antoine Vincent),tragédie ,,5,vers,,
5794,Lysimachus,Caux de Montlebert (Gilles de),tragédie,,5 actes,vers,,4 MAI 1792
5355,Macbeth,Ducis (Jean-François),tragédie,,5,vers,,
5282,Machabées (Les),La Motte (Antoine Houdar de),tragédie,,5,vers,,
5795,Madame Artus,Dancourt (Florent Carton dit),comédie,,5 actes,vers,,6 MARS 1722
5001,Magie de l'Amour (La),Autreau (Jacques),comédie-pastorale ,,1,vers libres,X,
5138,Magnifique (Le),La Motte (Antoine Houdar de) ,comédie,,2,prose,X,
5357,Mahomet second,"La Noue (Jean-Baptiste Sauvé de La Noue, dit)",tragédie,,5,vers,,
5796,Mahomet second,Chateaubrun (Jean-Baptiste Vivien de),tragédie,,5 actes,vers,,
5139,Maire ou le Pouvoir de la loi (Le),Laus de Boissy (Louis de),comédie patriotique,,1,prose,,
5002,Maison de campagne (La),Dancourt (Florent Carton dit),comédie,,1,prose,,
5003,Maison de Molière (La),Mercier (Louis-Sebastien),comédie,,4,prose,,
5140,Malade imaginaire (Le),Molière (Jean-Baptiste Poquelin dit) ,comédie-ballet,X,3,vers,X,
5620,Malade sans maladie (La),Du Fresny (Charles),comédie,,5 actes,prose,,
5141,Malheureux imaginaire (Le),Dorat (Claude-Joseph),comédie,,5,vers,,
5358,"Manco Capac, premier Inca du Pérou",Le Blanc de Guillet (Antoine),tragédie,,5,vers,,
5004,Manie des arts ou la Matinée à la mode (La),Rochon de Chabannes (Marc-Antoine-Jacques),comédie,,1,prose,,12 JUIN 1763
5359,Manlius Capitolinus,La Fosse (Antoine de),tragédie,,5,vers,,
5142,Marchand de Smyrne (Le),Chamfort (Sébastien-Roch-Nicolas de),comédie,,1,prose,,
5701,Maréchal médecin (Le) ou Les Houssards ou Le Médecin de Mantes,Anonyme,comédie,,1 acte,prose,,
5702,Mari curieux (Le),Allainval (Léonor-Jean-Christine Soulas d'),comédie,,1 acte,prose,X,
5143,Mari directeur ou le Déménagement du couvent (Le),Carbon de Flins Des Oliviers (Claude-Marie-Louis-Emmanuel),comédie,,1,vers,,
5703,Mari égaré (Le),Audierne (Jacques),comédie,X,1 acte,prose,,
5144,Mari retrouvé (Le),Dancourt (Florent Carton dit) ,comédie,,1,prose,X,
5145,Mari sans femme (Le),Montfleury (Antoine Jacob dit),comédie,,5,vers,X,
5146,Mariage clandestin (Le),Lemonnier (Pierre-René),comédie,,3,vers libres,,
5704,Mariage de Bacchus et d'Ariane (Le),Donneau de Vizé (Jean),comédie héroïque,X,3 actes,vers,X,
5147,Mariage de Figaro ou la Folle journée (Le),Beaumarchais (Pierre-Augustin Caron de),comédie,,5,prose,,
5705,Mariage de rien (Le),Montfleury (Antoine Jacob dit),comédie,,1 acte,vers,X,
5148,Mariage fait et rompu (Le),Du Fresny (Charles),comédie,,3,vers,,
5706,Mariage fait par lettre de change (Le),Poisson (Philippe),comédie,,1 acte,vers,X,
5149,Mariage forcé (Le),Molière (Jean-Baptiste Poquelin dit) ,comédie,,1,prose,(X),
5150,Mariage interrompu (Le) ou La Fille supposée,Cailhava de L'Estandoux (Jean-François),comédie,,3,vers,,
5151,Mariage par dépit (Le),Bret (Antoine),comédie,,3,prose,,
5152,Mariage secret (Le),Brousse-Desfaucherets (Jean-Louis),comédie,,3,vers,,
5797,Mariamne,Nadal (Augustin),tragédie,,5 actes,vers,,
5621,Marianne (La),Tristan L'Hermite,tragédie,,5 actes,vers,,
5360,"Marie de Brabant, reine de France",Imbert (Barthélemy),tragédie,,5,vers,,
5707,Marié sans le savoir (Le),Fagan (Barthélemy-Christophe),comédie,,1 acte,prose,,9 SEPT 1789
5798,"Marie Stuart, reine d'Écosse",Tronchin (François),tragédie,,5 actes,vers,,
5799,"Marie Stuart, reine d'Écosse ",Boursault (Edme),tragédie,,5 actes,vers,,
5283,Marins ou le Médiateur maladroit (Les),Desforges (Pierre-Jean-Baptiste Choudard),comédie,,5,vers,,
5361,Marius,Caux de Montlebert (Gilles de),tragédie,,5,vers,,30 juin 1783
5362,Marius à Minturnes,Arnault (Antoine Vincent),tragédie ,,3,vers,,
5708,Marquis de l'industrie (Le),Anonyme,comédie,,5 actes,vers,,19 MAI 1791
5622,Marquise imaginaire (La),Anonyme,comédie,,1 acte,,,
5005,Matinée d'une jolie femme (La),Vigée (Louis-Jean-Baptiste-Étienne),comédie,,1,prose,,
5623,Matrone d'Éphèse (La),La Motte (Antoine Houdar de),comédie,,1 acte,prose,,
5800,Maximien,La Chaussée (Pierre-Claude),tragédie,,5 actes,vers,,
5153,Méchant (Le),Gresset (Jean-Baptiste-Louis),comédie,,5,vers,,
5777,Mécontents (Les),Le Clerc de La Bruère (Charles-Antoine),comédie,X,1 acte,vers,X,
5154,Médecin de l'amour (Le) ou Le Médecin d'amour,Anseaume (Louis) ; Laruette (Jean-Louis),opéra-comique,,,vers,X,
5709,Médecin de l'esprit (Le),Guyot de Merville (Michel),comédie,,1 acte,prose,,
5710,Médecin de village (Le),Anonyme,comédie,,1 acte,prose,X,
5155,Médecin malgré lui (Le),Molière (Jean-Baptiste Poquelin dit) ,comédie,,3,prose,X,
5156,Médecin par occasion (Le),Boissy (Louis de),comédie,,5,vers,,
5711,Médecin volant (Le),Boursault (Edme),comédie,,1 acte,vers,,
5365,Médée,Clément (Jean Marie Bernard),tragédie ,,3,vers,,
5363,Médée ou Médée et Jason,Longepierre (Hilaire-Bernard de),tragédie,,5,vers,,
5157,Médisant (Le),Destouches,comédie,,5,vers,,
5801,Médus,Deschamps (François-Michel-Chrétien),tragédie,,5 actes,vers,,
5366,Mégare,Morand (Pierre de),tragédie,,5,vers,,
5367,Mélanide,La Chaussée (Pierre-Claude),comédie,,5,vers,,19 OCTOBRE 1748
5368,Melcour et Verseuil,André-Murville (Pierre-Nicolas),comédie,,1,vers,,MAI 1741
5369,Méléagre,Lemercier (Népomucène-Louis),tragédie,,5,vers,,8 AOUT 1785
5802,Méléagre,La Grange-Chancel (François-Joseph de),tragédie,,5 actes,vers,,
5284,Ménechmes ou les Jumeaux (Les),Regnard (Jean-François),comédie,x,5,vers et vers libres,,
5158,Menteur (Le),Corneille (Pierre),comédie,,5,vers,,4 DECEMBRE 1705
5624,Méprise (La),Audierne (Jacques),comédie,X,1 acte,prose,,
5285 et 3603,Méprises (Les),"Rousseau (Pierre, de Toulouse)",comédie,,1,vers libres,X,
5286,Méprises ou le Rival par ressemblance (Les),Palissot de Montenoy (Charles),comédie,,5,vers,,25 avril 1754
5159,Mercure galant ou la Comédie sans titre (Le),Boursault (Edme) ,comédie,,4,vers,X,7 juin 1762
5006,Mère coquette ou les Amants brouillés (La),Quinault (Philippe),comédie,,5,vers,,
5007,Mère jalouse (La),Barthe (Nicolas-Thomas),comédie,,3,vers,,
5625,Mère ridicule (La),Montfort,comédie,,1 acte,,,
5803,Merlin déserteur ,Dancourt (Florent Carton dit),comédie,,1 acte,prose,,
5804,Merlin la Chaconne ,Dancourt (Florent Carton dit),comédie,,3 actes,,X,
5805,Merlin peintre ,"La Tuillerie (Jean-François Juvenon de La Tuillerie, dit)",comédie,,1 acte,prose,,
5370,Mérope,Voltaire (François-Marie Arouet dit),tragédie,,5,vers,,
5008,Métamorphose amoureuse (La),Legrand (Marc-Antoine),comédie,,1,prose,,1743
5009,Métempsychose (La) ou La Métempsicose,Yon,comédie,x,3,vers libres,,
5010,Métromanie ou le Poète (La),Piron (Alexis),comédie,,5,vers,,
5371,Minuit ou le Moment propice,Desaudras,comédie ,,1,prose,,
5160,Misanthrope (Le),Molière (Jean-Baptiste Poquelin dit) ,comédie,,5,vers,,31 DECEMBRE 1791
5372,Mithridate,Racine (Jean),tragédie,,5,vers,,
5287,Mœurs du temps (Les),Saurin (Bernard-Joseph),comédie,,1,prose,X,
5778,Mœurs du temps (Les) ou Les Façons du temps,Saint-Yon (pièce attribuée à Palaprat (Jean),comédie,,5 actes,prose,,22 DECEMBRE 1760
5373,Molière à la nouvelle salle ou les Audiences de Thalie ,La Harpe (Jean François de),comédie,,1,vers libres,,
5374,Momus fabuliste ou les Noces de Vulcain ou Momus fabuliste ou le Mariage de Vénus et de Vulcain,Fuzelier (Louis),comédie,,1,prose et vers libres,X,12 AVRIL 1782
5375,Monsieur de Crac dans son petit castel ou les Gascons,Collin d'Harleville (Jean-François),comédie,,1,vers,X,
5376,Monsieur de Pourceaugnac,Molière (Jean-Baptiste Poquelin dit) ,comédie-ballet,,3,prose,X,4 MARS 1791
5806,Montézume dernier roi du Mexique,Ferrier de la Martinière (Louis),tragédie,,5 actes,vers,,
5011,Mort d'Abel (La),Legouvé (Gabriel),tragédie,,3,vers,,
5632,Mort d'Alcide (La),Dancourt (Florent Carton dit),tragédie,,5 actes,vers,,
5627,Mort d'Alexandre (La),Louvet,tragédie,,5 actes,vers,,
5628,Mort d'Othon (La),Belin,tragédie,,5 actes,vers,,
5629,Mort d'Ulysse (La),Pellegrin (Simon-Joseph),tragédie,,5 actes,vers,,
5012,Mort de César (La),Voltaire (François-Marie Arouet dit),tragédie,,3,vers,,
5630,Mort de César (La),Barbier (Marie-Anne),tragédie,,5 actes,vers,,
5013,Mort de Molière (La),Cubières-Palmézeaux (Michel de),pièce historique,,3,vers,,
5631,Mort de Néron (La),Péchantrés (Nicolas de),tragédie,,5 actes,vers,,
5014,Mort de Pompée (La),Corneille (Pierre),tragédie,,5,vers,,
5015,Mort de Socrate (La),Billardon de Sauvigny (Edme-Louis),tragédie,,3,vers,,
5779,Mots à la mode (Les),Boursault (Edme),comédie,,1 acte,vers,,
5161,Moulin de Javelle (Le),Dancourt (Florent Carton dit) ,comédie,,1,prose,X,
5162,Muet (Le),Brueys (David-Augustin de),comédie,,5,prose,,
5163,Muet par amour (Le),Alliot,comédie,,1,vers,X,
5288,Muses rivales ou l'Apothéose de Voltaire (Les),La Harpe (Jean François de),comédie,,1,vers libres,,
5377,Mustapha et Zéangir,Chamfort (Sébastien-Roch-Nicolas de),tragédie,,5,vers,,1e FEVRIER 1779
5807,Mustapha et Zéangir,Belin (François),tragédie,,5 actes,vers,,1 NOVEMBRE 1776
5808,Myrtil et Mélicerte ,Guérin d'Estriché (Nicolas-Armand-Martial),pastorale héroïque,X,3 actes,vers ,X,
5378,Nadir ou Thamas-Kouli-Kan,Dubuisson (Pierre-Ulric),tragédie,,5,vers,,
5379,Namir,"Thibouville (Henri Lambert d'Herbigny, marquis de)",tragédie,,5,vers,,31 AOUT 1780
5380,Nanine ou le Préjugé vaincu,Voltaire (François-Marie Arouet dit),comédie,,3,vers,,12 NOVEMBRE 1759
5381,Narcisse ou l'Amant de lui-même,Rousseau (Jean-Jacques),comédie,,1,prose,,16 juin 1749
5164,Naufrage ou la Pompe funèbre de Crispin (Le) ou Crispin brûlé,La Font (Joseph de),comédie,,1,vers,X,18 décembre 1752
5712,Négligent (Le),Du Fresny (Charles),comédie,X,3 actes,prose,X,
5713,Niais de Sologne (Le),Raisin (Jacques),comédie,,1 acte,prose,,
5780,Nicandres ou les Menteurs qui ne mentent point (Les) ,Boursault (Edme),comédie,,3 actes,vers,,
5382,Nicomède,Corneille (Pierre),tragédie,,5,vers,,
5809,Nitétis,Danchet (Antoine),tragédie,,5 actes,vers,,
5810,Nitocris,Anonyme,tragédie,,5 actes,vers,,
5633,Noce de village (La),"Brécourt (Guillaume Marcoureau, sieur de Brécourt, dit)",comédie,,1 acte,prose,X,
5634,Noce interrompue (La),Du Fresny (Charles),comédie,,1 acte,prose,X,
5289,Noces hussardes (Les) ou Les Noces houzardes,Dorvigny,comédie,,4,prose,,
5290,"Noms changés, ou l'Indifférent corrigé (Les)",Brunet (Pierre-Nicolas),comédie,,3,vers,,30 janvier 1780
5714,Notaire obligeant (Le),Dancourt (Florent Carton dit),comédie,,3 actes,prose,,21 octobre 1758
5165,Nouveau monde (Le),Pellegrin (Simon-Joseph),comédie,X,3,vers libres,X,
5016,Nouveauté (La),Legrand (Marc-Antoine),comédie,,1,prose,X,
5781,Nouvellistes (Les),"Hauteroche (Noël Lebreton, sieur de)",comédie,,1 acte,prose,,
5344,Obstacle imprévu ou l'Obstacle sans obstacle (L'),Destouches,comédie,,5,prose,,
5383,Octave et le jeune Pompée ou le Triumvirat ou Les Triumvirs,Voltaire (François-Marie Arouet dit),tragédie,,5,vers,,18 OCTOBRE 1717
5384,Odmard et Zulna,Simonet de Maisonneuve (Louis-Jean-Baptiste),tragédie,,5,vers,,5 juillet 1764
5385,Œdipe,Voltaire (François-Marie Arouet dit),tragédie,,5,vers,,2 janvier 1788
5811,Œdipe,La Motte (Antoine Houdar de),tragédie,,5 actes,vers,,18 septembre 1718
5812,Œdipe ,Corneille (Pierre),tragédie,,5 actes,vers,,
5386,Œdipe chez Admète,Ducis (Jean-François),tragédie,,5,vers,,
5387,Olympie,Voltaire (François-Marie Arouet dit),tragédie,,5,vers,,4 décembre 1778
5573,Ombre de Molière (L'),Voisenon (Claude-Henri de Fusée de),prologue,,1 acte,vers,,17 mars 1764
5574,Ombre de Molière (L'),"Brécourt (Guillaume Marcoureau, sieur de Brécourt, dit)",comédie,,1 acte,prose,X,
5345,"Oncle et les Tantes, ou Chacun sa folie (L')",La Salle (Adrien-Nicolas),comédie,,3,vers,,
5575,Opéra de village (L'),Dancourt (Florent Carton dit),comédie,,1 acte,prose,X,25 NOVEMBRE 1785
5576,Opérateur (L'),Anonyme,comédie,,1 acte,,X,
5577,Opérateur Barry (L'),Dancourt (Florent Carton dit),comédie,X,1 acte,prose,X,
5578,Opiniâtre (L'),Brueys (David-Augustin de),comédie,,3 actes,vers,,
5346,Optimiste ou l'Homme content de tout (L'),Collin d'Harleville (Jean-François),comédie,,5,vers,,
5347,Oracle (L'),Saint-Foix (Germain-François Poullain de),comédie,,1,prose,X,
5579,Oracle de Delphes (L'),Moncrif (François-Augustin Paradis de),comédie,,3 actes,vers,,29 mars 1740 (Cour)/ 02 avril 1740 CF
5388,Oreste,Voltaire (François-Marie Arouet dit),tragédie,,5,vers,,
5813,Oreste,"Boyer (Claude, abbé) ; Le Clerc (Michel)",tragédie,,5 actes,vers,,12 janvier 1750
5814,Oreste et Pylade,La Grange-Chancel (François-Joseph de),tragédie,,5 actes,vers,,
5291,Originaux (Les) - Troisième partie des Caractères de Thalie,Fagan (Barthélemy-Christophe),comédie,,1,prose,X,
5389,Orphanis,Blin de Sainmore (Adrien-Michel-Hyacinthe),tragédie,,5,vers,,18 JUILLET 1737
5349,Orphelin anglais (L'),Longueil (Charles-Henri de),drame,,3,prose,,25 septembre 1773
5350,Orphelin de la Chine (L'),Voltaire (François-Marie Arouet dit),tragédie,,5,vers,,
5113,Orpheline ou le Faux généreux (L'),Bret (Antoine),comédie,,3,vers,,
5815,Othon ,Corneille (Pierre),tragédie,,5 actes,vers,,
5816,Pandore,Saint-Foix (Germain-François Poullain de),comédie,,1 acte,vers,X,1743-12-06
5292,Paniers ou la Vieille précieuse (Les) ou La Vieille Précieuse,Legrand (Marc-Antoine),comédie,,1,prose,X,
5817,Panurge ou Les Aventures et le mariage de Panurge,Pousset de Montauban (Jacques),comédie,,5 actes,,X,
5715,Parasite (Le),Tristan L'Hermite,comédie,,5 actes,vers,,
5716,Paresseux (Le),"Launay, De",comédie,x,3 actes,vers,,
5717,Parisien (Le),Champmeslé (Charles Chevillet dit),comédie,,5 actes,vers,,
5017,Parisienne (La),Dancourt (Florent Carton dit) ,comédie,,1,prose,,
5391,Paros,Mailhol (Gabriel),tragédie,,5,vers,,
5018,Partie de chasse de Henri IV (La),Collé (Charles),comédie,,3,prose,,21 janvier 1754
5718,Pastor-fido (Le),Pellegrin (Simon-Joseph),pastorale héroïque,x,3 actes,vers,,
5392,Paulin et Clairette ou les Deux espiègles,Dezède (Nicolas),comédie-opéra,,2,prose,x,
5393,Pauline,"Claret de Fleurieu (Aglaé Deslacs, comtesse)",comédie ,,2,vers,,5 janvier 1792
5818,Pélopée,Pellegrin (Simon-Joseph),tragédie,,5 actes,vers,,2 juillet 1791
5819 et 5394,Pénélope,Genest (Charles-Claude),tragédie,,5,vers,,
5167,Père de famille (Le),Diderot (Denis),comédie - drame,,5,prose,,22 janvier 1684
5168,Père désabusé (Le),Cérou (Pierre),comédie ,,1,prose,,
5719,Père intéressé ou les Vrais amis (Le),Pellegrin (Simon-Joseph),comédie,,5 actes,vers,,
5720,Père supposé (Le),Anonyme,comédie,,1 acte,,,
5169,Persifleur (Le),Billardon de Sauvigny (Edme-Louis),comédie,,3,vers,,
5019,Péruvienne (La),Boissy (Louis de),comédie,,5,vers libres,,
5721,Petit homme de la foire (Le),Raisin (Jacques),comédie,,1 acte,prose,,
5722,Petit maître de campagne ou le Vicomte de Génicourt (Le),Anonyme,comédie,,1 acte,prose,,5 JUIN 1740
5723,Petit-maître corrigé (Le),Marivaux (Pierre de),comédie,,3 actes,prose,,
5782,Petits Maîtres d'été (Les),Anonyme,comédie,,1 acte,prose,,
5820,Phaéton,Boursault (Edme),comédie,,5 actes,vers,,
5395,Pharamond,La Harpe (Jean François de),tragédie,,5,vers,,
5821,Pharamond,Cahusac (Louis de),tragédie,,5 actes,vers,,
5396,Phèdre et Hippolyte ou Phèdre,Racine (Jean),tragédie,,5,vers,,14 août 1765
5170,Philanthrope ou l'Ami de tout le monde (Le),Legrand (Marc-Antoine),comédie,,1,prose,X,
5171,Philinte de Molière ou la Suite du Misanthrope (Le),Fabre d'Églantine (Philippe-François-Nazaire),comédie,,5,vers,,
5397,Philoctète,Châteaubrun (Jean-Baptiste Vivien de),tragédie,,5,vers,,
5398,Philoctète,La Harpe (Jean François de),tragédie,,3,vers,,
5172,Philosophe marié ou le Mari honteux de l'être (Le),Destouches,comédie,,5,vers,,1e mars 1755
5173,Philosophe sans le savoir (Le),Sedaine (Michel-Jean),comédie,,5,prose,,16 juin 1783
5293,Philosophes (Les ),Palissot de Montenoy (Charles),comédie,,3,vers,,
5783,Philosophes amoureux (Les),Destouches (Philippe Néricault dit),comédie,,5 actes,vers,,
5822,Phocion ,Campistron (Jean Galbert de),tragédie,,5 actes,vers,,2 MAI 1760
5020,Physicienne (La),"La Montagne (Pierre, baron de)",comédie,,1,vers,,
5399,Pierre le cruel,Belloy (Pierre Laurent de),tragédie,,5,vers,,
5400,Pierre le Grand,Dorat (Claude-Joseph),tragédie,,5,vers,,
5635,Pierre Philosophale (La),Corneille (Thomas) ; Donneau de Visé (Jean),comédie,,5 actes,,X,20 mai 1772
5784,Pipeurs ou les Femmes coquettes (Les),Poisson (Raymond),comédie,,5 actes,vers,,1e décembre 1779
5294,Plaideurs (Les),Racine (Jean),comédie,,5,vers,,
5174,Plaisir (Le),Marchadier (Abbé),comédie,,1,vers libres,X,
5823,Plutus,Legrand (Marc-Antoine),comédie,,3 actes,vers,X,
5724,Point d'honneur (Le),Lesage (Alain-René),comédie,,5 actes,prose,,
5826,Polixène,La Fosse (Antoine de),tragédie,,5 actes,vers,,
5824,Polydore,Pellegrin (Simon-Joseph),tragédie,,5 actes,vers,,
5401,"Polyeucte, martyr ",Corneille (Pierre),tragédie,,5,vers,,
5825,Polymneste ou Polymnestre,Genest (Charles-Claude),tragédie,,5 actes,vers,,
5175,Port de mer (Le),Boindin (Nicolas),comédie,,1,prose,X,
5176,Portrait ou le Danger de tout dire (Le),Brousse-Desfaucherets (Jean-Louis),comédie,,1,vers,,
5725,Pouvoir de la sympathie (Le),Boissy (Louis de),comédie,,3 actes,vers,,
5295,Précieuses ridicules (Les),Molière (Jean-Baptiste Poquelin dit) ,comédie,,1,prose,X,
5177,Préjugé à la mode (Le),La Chaussée (Pierre-Claude),comédie,,5,vers,,
5178,Préjugé vaincu (Le),Marivaux (Pierre de),comédie,,1,prose,,
5179,Présomptueux ou l'Heureux imaginaire (Le),Fabre d'Églantine (Philippe-François-Nazaire),comédie,,5,vers,,
5726,Prince de Noisy (Le),Aigueberre (Jean Dumas d'),comédie héroïque,X,3 actes,prose,X,
5021,Princesse d'Élide (La),Molière (Jean-Baptiste Poquelin dit) ,comédie-ballet,X,5,prose,X,
5180,Prix académique (Le),Parisau (Pierre-Germain),comédie,,1,vers,,
5727,Prix de l'arquebuse (Le),Dancourt (Florent Carton dit),comédie,,1 acte,prose,X,
5728,Procès des Sens (Le),Fuzelier (Louis),comédie,,1 acte,vers,,
5181,Procureur arbitre (Le),Poisson (Philippe),comédie,,1,vers,,
5636,Provençale (La),Anonyme,comédie,,1 acte,,,
5637,Prude du temps (La),"Palaprat (Jean de, sieur de Bigot)",comédie,,5 actes,vers,,
5827,Psyché,Molière (Jean-Baptiste Poquelin dit),tragédie,X,5 actes,vers,X,
5638,Psyché de village (La),Guérin d'Estriché (Nicolas-Armand-Martial),comédie,X,4 actes,prose,X,
5022 et 1344,Pupille (La ),Fagan (Barthélemy-Christophe),comédie,,1,prose,X,
5402,Pygmalion,Rousseau (Jean-Jacques),scène lyrique,,,prose,x,
5403,Pygmalion,Poinsinet de Sivry (Louis),comédie,,1,prose,,
5404,Pyrame et Thisbé,Mauduit-Larive (Jean),scène lyrique,,2,prose,x,30 octobre 1775
5828,Pyrame et Thisbé,Pradon (Nicolas),comédie,,5 actes,vers,,13 décembre 1760
5405,Pyrrhus,Crébillon (Prosper Jolyot de),tragédie,,5,vers,,2 juin 1783
5406,Quartier d'hiver (Le),Bret (Antoine) ; Godard d'Aucour (Claude) ; Villaret (Claude) ,comédie,,1,prose,X,
5182,Quiproquo (Le),Molé (François-René),comédie,,1,prose,,22 avril 1726
5829,Ragotin ou le Roman comique,La Fontaine (Jean de),comédie,,5 actes,vers,,4 décembre 1744
5729,Rajeunissement inutile (Le),"La Grange (ou Lagrange, Nicolas [de])",comédie,,3 actes,vers,X,
5639,Rapinière ou l'intéressé (La),"Robbe, Jacques",comédie,,5 actes,vers,,
5407,"Raymond V, comte de Toulouse ou le Troubadour",Sedaine (Michel-Jean),comédie héroïque,,5,prose,,
5023,Réconciliation normande (La),Du Fresny (Charles),comédie,,5,vers,,
5024,Réduction de Paris (La),Desfontaines (François-Georges),pièce héroïque,,3,prose,,22 septembre 1789
5408,Régulus,Dorat (Claude-Joseph),tragédie,,3,vers,,
5830,Régulus,Pradon (Nicolas),tragédie,,5 actes,vers,,
5785,Réjouissances publiques ou le Gratis (Les),L'Affichard (Thomas); Allainval (Léonor-Jean-Christine Soulas d'),comédie,,1 acte,prose,X,31 juillet 1773
5831,Renaud et Armide,Dancourt (Florent Carton dit),comédie,,1 acte,prose,X,
5640,"Rencontre imprévue, ou la Surprise des amants (La)",L'Affichard (Thomas),comédie,,3 actes,prose,,
5730,Rendez-vous (Le),La Fontaine (Jean de),comédie,,1 acte,vers,,
5731,Rendez-vous des Tuileries ou le Coquet trompé (Le),Baron (Michel Boyron dit),comédie,X,3 actes,prose,X,
5183,Rendez-vous du mari ou le Mari à la mode (Le),André-Murville (Pierre-Nicolas),comédie,,1,vers,,
5184,Rendez-vous ou l'Amour supposé (Le),Fagan (Barthélemy-Christophe),comédie,,1,vers,,
5641,Répétition (La) ,Baron (Michel Boyron dit),comédie,,1 acte,,,
5297,Réputations (Les),"Bièvre (François-Georges Maréchal, marquis de)",comédie,,5,vers,,
5025,Ressemblance (La),Forgeot (Nicolas-Julien),comédie,,3,vers,,
5732,Retour de l'Ombre de Molière (Le),Voisenon (Claude-Henri de Fusée de),comédie,,1 acte,vers,,23 janvier 1788
5185,Retour des officiers (Le),Dancourt (Florent Carton dit) ,comédie,,1,prose,X,
5186,Retour du mari (Le),Ségur (Joseph-Alexandre de),comédie,,1,vers,,
5187,Retour imprévu (Le),Regnard (Jean-François),comédie,,1,prose,,
5643,Réunion des amours (La),Marivaux (Pierre de),comédie héroïque,,1 acte,prose,,
5733,Réveil d'Épiménide (Le),Poisson (Philippe),comédie,x,3 actes,vers,,
5188,Réveil d'Épiménide à Paris (Le),Carbon de Flins Des Oliviers (Claude-Marie-Louis-Emmanuel),comédie,,1,vers,,
5409,Rhadamiste et Zénobie,Crébillon (Prosper Jolyot de),tragédie,,5,vers,,
5410,Richard III,Durosoy (Barnabé Farmian),tragédie,,5,vers,,
5411,Rienzi,Laignelot (Joseph François),tragédie,,5,vers,,23 janvier 1711
4988,Rival de lui-même ou la Fête interrompue (Le),La Chaussée (Pierre-Claude),comédie,X,1,vers libres,X,6 juillet 1781
5734,Rival de son maître (Le),Anonyme,comédie,,5 actes,vers,,2 mars 1791
5735,Rival secrétaire (Le),Desforges,comédie,x,1 acte,vers,,
5189,Rival supposé (Le),Saint-Foix (Germain-François Poullain de),comédie,,1,prose,,
5026,Rivale suivante (La),Rousseau (Pierre de Toulouse),comédie,x,1,vers,,
5298,Rivaux (Les),Imbert (Barthélemy),comédie,,5,vers,,
5299,Rivaux amis (Les),Forgeot (Nicolas-Julien),comédie ,,1,vers,,
5786,Rivaux d'eux-mêmes (Les),Anonyme,comédie,,1 acte,vers,,18 décembre 1787
5412,"Rodogune ou Rodogune, princesse des Parthes",Corneille (Pierre),tragédie,,5,vers,,13 novembre 1782
5190,Roi de Cocagne (Le),Legrand (Marc-Antoine),comédie,X,3,vers libres,X,
5191,Roi Lear (Le),Ducis (Jean-François),tragédie,,5,vers,,
5413,Rome sauvée ou Catilina ou Rome Sauvée,Voltaire (François-Marie Arouet dit),tragédie,,5,vers,,
5414,Roméo et Juliette,Ducis (Jean-François),tragédie,,5,vers,,
5832,Romulus,La Motte (Antoine Houdar de),tragédie,,5 actes,vers,,24 février 1752
5415,Rosaline et Floricourt,Ségur (Joseph-Alexandre de),comédie,,3,vers libres,,27 juillet 1772
5416,Roséïde ou l'Intrigant,Dorat (Claude-Joseph),comédie,,5,vers,,
5417,Roxelane et Mustapha,Simonet de Maisonneuve (Louis-Jean-Baptiste),tragédie,,5,vers,,17 novembre 1787
5644,Rue Saint-Denis (La),Champmeslé (Charles Chevillet dit),comédie,,1 acte,prose,,2 octobre 1779
5027,Rupture ou le Malentendu (La),"Delorme (Madame, pseudonyme de Marc-Antoine Legrand)",comédie,,1,vers,,6 juin 1785
5028,Ruse inutile (La),"Rousseau (Pierre, de Toulouse)",comédie,,1,vers libres,,
5300,Ruses d'Amour (Les),Poisson (Philippe),comédie,,3,vers,,
5833,Sabinus et Éponine,Richer (Henri),tragédie,,5 actes,vers,,
5192,Sage étourdi (Le) ou L'Homme indépendant,Boissy (Louis de),comédie,,3,vers,,30 avril 1736
5834,Sancho Pança,Du Fresny (Charles),comédie,,3 actes,prose,X,
5835,Sancho Pança gouverneur,Dancourt (Florent Carton dit),comédie,,5 actes,vers,X,1745-07-14
5193,Satirique ou l'Homme dangereux (Le),Palissot de Montenoy (Charles),comédie,,3,vers,,
5836,Saül,Nadal (Augustin),tragédie,,5 actes,vers,,
5418,Scanderberg,Dubuisson (Pierre-Ulric),tragédie,,5,vers,,
5419 et 5837,Scévole,Du Ryer (Pierre),tragédie,,5,vers,,
5838,Scipion l'Africain,Pradon (Nicolas),tragédie,,5 actes,vers,,9 mai 1786
5301,Scythes (Les),Voltaire (François-Marie Arouet dit),tragédie,,5,vers,,
5736,"Second chapitre du ""Diable boiteux"" (Le)",Dancourt (Florent Carton dit),comédie,X,2 actes,prose,X,
5029,Seconde surprise de l'amour (La),Marivaux (Pierre de),comédie,,3,prose,,26 mars 1767
5737,Secret révélé (Le),"Palaprat (Jean de, sieur de Bigot)",comédie,,1 acte,prose,,
5194,Séducteur (Le),"Bièvre (François-Georges Maréchal, marquis de)",comédie ,,5,vers,,
5738,Semblable à soi-même (Le),Montfleury (Antoine Jacob dit),comédie,,1 acte,vers,,
5420,Sémiramis,Voltaire (François-Marie Arouet dit),tragédie,,5,vers,,
5839,Sémiramis,Gomez (Madeleine-Angélique de),tragédie,,5 actes,vers,,
5840,Sémiramis,Crébillon (Prosper Jolyot de),tragédie,,5 actes,vers,,29 août 1748
5030,Sérénade (La),Regnard (Jean-François),comédie,,1,prose,X,
5787,Serments indiscrets (Les),Marivaux (Pierre de),comédie,,5 actes,prose,,
5421,Sertorius,Corneille (Pierre),tragédie,,5,vers,,
5841,Sésostris,Longepierre (Hilaire-Bernard de),tragédie,,5 actes,vers,,
5422,Sganarelle ou le Cocu imaginaire,Molière (Jean-Baptiste Poquelin dit) ,comédie,,1,vers,,
5195,Sicilien ou l'Amour peintre (Le),Molière (Jean-Baptiste Poquelin dit) ,comédie-ballet,,1,prose,X,
5423,Sidney,Gresset (Jean-Baptiste-Louis),comédie,,3,vers,,
5196,Siège de Calais (Le),Belloy (Pierre Laurent de),tragédie,,5, vers,,
5788,Sœurs rivales (Les),Anonyme,comédie,,1 acte,vers,,3 mai 1745
5031,Soirée d'une vieille femme (La),Lourdet de Santerre (Jean-Baptiste),comédie,,2,prose,,
5842,Soliman,"La Tuillerie La Tuillerie (Jean-François Juvenon de La Tuillerie, dit)",tragédie,,5 actes,vers,,
5197,Somnambule (Le),"Pont-de-Veyle (Antoine de Fériol, comte de)",comédie,,1,prose,,
5424,Sophonisbe,Voltaire (François-Marie Arouet dit),tragédie,,5,vers,,
5843,Sophonisbe,La Grange-Chancel (François-Joseph de),tragédie,,5 actes,vers,,
5865,Sophonisbe,Corneille (Pierre),tragédie,,5 actes,vers,,15 janvier 1774
5739,Sot toujours sot ou le Marquis paysan (Le),Brueys (David-Augustin de),comédie,,1 acte,prose,,
5337,Soubrettes (Les),Laujon (Pierre),comédie,,5,prose,,
5302,Souhaits pour le roi (Les),Valois d'Orville (Adrien-Joseph de) ; Dubois,comédie,,1,vers libres,X,
5198,Souper magique ou les Deux siècles (Le),André-Murville (Pierre-Nicolas),comédie épisodique,,1,vers,x,24 SEPTEMBRE 1777
5740,Souper mal apprêté (Le),"Hauteroche (Noël Lebreton, sieur de)",comédie,,1 acte,vers,,30 août 1745
5425,Spartacus,Saurin (Bernard-Joseph),tragédie,,5,vers,,
5844,Stilicon,Corneille (Thomas),tragédie,,5 actes,vers,,
5645,Suivante désintéressée (La),Audierne (Jacques),comédie,X,1 acte,prose,,20 février 1760
5845,"Suréna, général des Parthes",Corneille (Pierre),tragédie,,5 actes,vers ,,
5032,Surprise de l'amour (La),Marivaux (Pierre de),comédie,,3,prose,,
5741,Talisman (Le),La Motte (Antoine Houdar de),comédie,,1 acte,prose,X,
5199,Tambour nocturne ou le Mari devin (Le),Destouches,comédie,,5,prose,,
5426,Tancrède,Voltaire (François-Marie Arouet dit),tragédie,,5,vers,,
5033,Tarentule (La),Martel,comédie,,1,prose,X,
5846,Tarquin,Pradon (Nicolas),tragédie,,5 actes,vers,,3 septembre 1760
5427,Tartuffe ou l'Imposteur,Molière (Jean-Baptiste Poquelin dit) ,comédie,,5,vers,,
5847,Téglis,Morand (Pierre de),tragédie,,5 actes,vers,,
5848,Téléphonte,La Chapelle (Jean de),tragédie,,5 actes,vers,,
5742,Temps présent ou le Triomphe du temps présent (Le),Legrand (Marc-Antoine),comédie,,1 acte,prose,X,
5428,Térée,Le Mierre (Antoine-Marin) ,tragédie,,5,vers,,
5429,Térée et Philomèle,Renou (Antoine),tragédie,,5,vers,,
5430,Théagène ou Théagène et Cariclée,Dorat (Claude-Joseph),tragédie,,5,vers,,25 mai 1761
5646,Thébaïde ou les Frères ennemis (La),Racine (Jean),tragédie,,5 actes,vers,,3 juillet 1773
5849,Thélamire,Lebrun (Denise),tragédie,,5 actes,vers,,2 mars 1763
5850,Thésée,La Fosse (Antoine de),tragédie,,5 actes,vers,,
5852,Tibère,Pellegrin (Simon-Joseph),tragédie,,5 actes,vers,,
5431,Tibère et Sérénus,Fallet (Nicolas),tragédie,,5,vers,,
5432,Timoléon,La Harpe (Jean François de),tragédie,,5,vers,,
5853,Timon,"Brécourt (Guillaume Marcoureau, sieur de Brécourt, dit)",comédie,,1 acte,vers,,23 août 1782
5855,Tiridate,Campistron (Jean Galbert de) ,tragédie,,5 actes,vers,,1e août 1764
5647,Toison d'or (La),Corneille (Pierre),tragédie,X,5 actes,vers,X,
5201,Tombeau de Désilles (Le),Desfontaines (François-Georges),pièce,,1,prose,,
5851,Tomyris,Barbier (Marie-Anne),tragédie,,5 actes,vers,,
5854,Tontine (La),Lesage (Alain-René),comédie,,1 acte,prose,,03 DECEMBRE 1790
5648,Tragédie en prose ou la Tragédie extravagante (La),Auvigny (Jean du Castre d'),comédie,,1 acte,prose,X,
5649,Trahison punie (La),Dancourt (Florent Carton dit),comédie,,5 actes,vers,,
5202,Tribunal de l'amour (Le),Landon (Joseph),comédie,,1,vers libres,X,
5743,Triomphe de l'hiver (Le),Anonyme,comédie,,1 acte,prose,,
5203,Triomphe du temps (Le),Legrand (Marc-Antoine),divertissement comique,X,3,prose,X,
5204 et 1346,Triple mariage (Le),Destouches,comédie,,1,prose,X,
5205,Triumvirat ou la Mort de Cicéron (Le),Crébillon (Prosper Jolyot de),tragédie,,5,vers,,
5303 et 1347,Trois cousines (Les),Dancourt (Florent Carton dit) ,comédie,X,3,prose,X,7 JUILLET 1716
5304 et 1345,Trois frères rivaux (Les),La Font (Joseph de),comédie,,1,vers,,20 DECEMBRE 1754
5305,Trois Gascons (Les),Boindin (Nicolas) ; La Motte (Antoine Houdar de),comédie,,1,prose,X,18 octobre 1700
5306,Trois noces (Les),Dezède (Nicolas),comédie champêtre ,,1,prose,x,4 FEVRIER 1713
5789,"Trois spectacles (Les) ou Polixène, tragédie, L'Avare amoureux, comédie et Pan et Doris, pastorale héroïque",Aigueberre (Jean Dumas d'),tragédie-comédie-pastorale héroïque,X,3 actes,prose / vers,X,4 JUIN 1701
5307,Troyennes (Les),Châteaubrun (Jean-Baptiste Vivien de),tragédie,,5,vers,,23 février 1790
5433,Turcaret,Lesage (Alain-René),comédie,,5,prose,,
5206 et 5207,Tuteur amoureux (Le) ou Le Tuteur,Dancourt (Florent Carton dit) ,comédie,,1,prose,,11 mars 1754
5208,Tuteur dupé (Le) ou La Maison à deux portes,Cailhava de L'Estandoux (Jean-François),comédie,,5,prose,,14 février 1709
5308,Tuteurs (Les) ou Les Trois tuteurs,Palissot de Montenoy (Charles),comédie,,2,vers,,
5790,Tyndarides (Les),Danchet (Antoine),tragédie,,5 actes,vers,,
5580,Usurier (L'),Corneille (Thomas) ; Donneau de Vizé (Jean),comédie,,5 actes,vers,,2 août 1754
5354,Usurier gentilhomme (L'),Legrand (Marc-Antoine),comédie,,1,prose,X,
5791,Usuriers (Les),Anonyme,comédie,,1 acte,vers,,
5309,Vacances (Les),Dancourt (Florent Carton dit) ,comédie,,1,prose,X,
5856,Valérien,Riupeirous (Théodore de),tragédie,,5 actes,vers,,
5034,Valet maître (Le),Moissy (Alexandre-Guillaume de),comédie,,3,vers,,31 août 1696
5310,Valets maîtres de la maison ou le Tour de carnaval (Les),Rochon de Chabannes (Marc-Antoine-Jacques),comédie,,1,prose,,
5434,"Vanda, reine de Pologne",Linant (Nicolas-Michel),tragédie,,5,vers,,
5435,Varon,"Grave (Jean Hyacinthe, vicomte de)",tragédie,,5,vers,,11 février 1768
5857,Varron,Dupuy,comédie,,5 actes,vers,,17 mai 1747
5744,Veau perdu (Le) ,La Fontaine (Jean de),comédie,,1 acte,prose,,20 décembre 1751
5436,Venceslas,Rotrou (Jean de),tragédie,,5,vers,,
5311,Vendanges de Suresnes (Les),Dancourt (Florent Carton dit) ,comédie,,1,prose,X,
5650,Vengeance de l'amour (La),Jolly (François-Antoine),comédie,,5 actes,vers,,
5437,Venise sauvée,La Place (Pierre-Antoine de),tragédie,,5,vers,,15 octobre 1695
5745,Vert galant (Le),Dancourt (Florent Carton dit),comédie,,1 acte,prose,X,
5209,Veuvage trompeur (Le),La Place (Pierre-Antoine de),comédie,,3,vers,,5 décembre 1746
5035,Veuve (La),Collé (Charles),comédie,,1,prose,,
5651,Veuve (La),Champmeslé (Charles Chevillet dit),comédie,,1 acte,prose,,
5036,Veuve du Malabar ou l'Empire des coutumes (La),Le Mierre (Antoine-Marin) ,tragédie,,5,vers,,
5312,Victimes cloîtrées (Les),Boutet de Monvel (Jacques-Marie) ,drame,,4,prose,,
5746,"Vieillard couru ou les Différents caractères des femmes (Le)
",Donneau de Vizé (Jean),comédie,,5 actes,prose,,
5210,Vieux célibataire (Le),Collin d'Harleville (Jean-François),comédie,,5,vers,,
5211,Vieux garçon (Le),Dubuisson (Pierre-Ulric),comédie,,5,vers,,
5212,Vindicatif (Le),Dudoyer de Gastels (Gérard),drame,,5,vers libres,,24 FEVRIER 1792
5438,Virginie,La Harpe (Jean François de),tragédie,,5,vers,,16 DECEMBRE 1782
5858,Virginie,Campistron (Jean Galbert de),tragédie,,5 actes,vers,,2 JUILLET 1774
5439,Virginie ou la Destruction des Décemvirs,Doigny du Ponceau,tragédie,,3,vers,,11 juillet 1786
5792,Visionnaires (Les),Desmarets de Saint-Sorlin (Jean),comédie,,5 actes,vers,,
5313,Visites du jour de l'an (Les),Vadé (Jean-Joseph),comédie,,1,vers libres,X,31 août 1791
5037,Vivacité à l'épreuve (La),Vigée (Louis-Jean-Baptiste-Étienne),comédie,,3,vers,,
5747,Voleur ou Titapapouf (Le),"Longchamp (Charlotte Legrand, épouse Pitel de)",comédie,,1 acte,prose,,3 janvier 1749
5859,"Vononez, roi des Parthes",Belin (François),tragédie,,5 actes,vers,,
5652,Vraie Didon ou La Didon chaste (La),Boisrobert (François Le Métel de),tragédie,,5 actes,vers,,
5440,Washington ou la Liberté du Nouveau monde,Billardon de Sauvigny (Edme-Louis),tragédie,,4,vers,,
5860,Xerxès ou Xercès,Crébillon (Prosper Jolyot de),tragédie,,5 actes,vers,,
5861,Zaïde,La Chapelle (Jean de),tragédie,,5 actes,vers,,13 juillet 1791
5441,Zaïre,Voltaire (François-Marie Arouet dit),tragédie,,5,vers,,
5442,Zarès,Palissot de Montenoy (Charles),tragédie,,5,vers,,
5443,Zarucma,Cordier de Saint-Firmin (Edmond),tragédie,,5,vers,,13 août 1732
5444,Zélide ou l'Art d'aimer et l'art de plaire,Renout (Jean-Julien-Constantin),comédie,,1,vers libres,X,3 juin 1751
5445,Zelmire,Belloy (Pierre Laurent de),tragédie,,5,vers,,17 mars 1762
5862,"Zélonide, princesse de Sparte",Genest (Charles-Claude),tragédie,,5 actes,vers,,26 juin 1755
5446,Zénéïde,Cahusac (Louis de),comédie,,1,vers,X,6 mai 1762
5863,Zénobie,Anonyme,tragédie,,5 actes,vers,,
5447,Zoraï ou les Insulaires de Nouvelle-Zélande,Marignié (Jean-Étienne-François),tragédie,,5,vers,,13 mai 1743
5448,Zulica,Dorat (Claude-Joseph),tragédie,,5,vers,,
5449,Zulime,Voltaire (François-Marie Arouet dit),tragédie,,5,vers,,5 octobre 1782
5450,Zuma,Lefèvre (Pierre-François-Alexandre),tragédie,,5,vers,,7 janvier 1760
,,,,,,,,8 juin 1740
,,,,,,,,22 janvier 1777