id,title,author,genre,Prologue,nombre d'actes,Prose/vers,"Musique, danse, machine"
1,Abdir,Sauvigny (Edme-Louis Billardon de),drame,,4,vers,
2,Abdolonyme ou le roi berger,Collet (Jean-Baptiste Collet de Messine dit),comédie héroïque,,3,vers,
3,Absalon,Duché de Vancy (Joseph François),tragédie,,5,vers,
4,Adélaïde de Hongrie,Dorat (Claude-Joseph),tragédie,,5,vers,
5,Adélaïde du Guesclin,Voltaire (François-Marie Arouet dit ),tragédie,,5,vers,
6,Adélaïde ou l'Antipathie pour l'amour ,Dudoyer de Gastels (Gérard),comédie,,2,vers décasyllabes,
7,Adèle de Crécy,Dercy (G. Palat dit),drame ,,4,vers,
8,Adèle de Ponthieu,La Place (Pierre-Antoine de),tragédie,,5,vers,
9,Agathocle,Voltaire (François-Marie Arouet dit ),tragédie,,5,vers,
10,Agis,Laignelot (Joseph-François),tragédie,,5,vers,
11,"Agrippa, roi d'Albe ou le Faux Tiberinus",Quinault (Philippe),tragi-comédie,,5,vers,
12,Ajax,Poissinet de Sivry (Louis),tragédie,,5,vers,
13,Albert et Émilie,Dubuisson (Paul-Ulric),tragédie,,5,vers,
14,Albert Ier ou Adeline,Leblanc de Guillet (Antoine Blanc dit),comédie héroïque,,3,vers,
15,Alcidonis ou la journée Lacédémonienne,Lonvay de la Saussaye (J.B.); Baudron (Antoine-Laurent),comédie,,3,prose,x
16,Alphée et Zarine,Fallet (Nicolas),tragédie,,5,vers,
17,Alzaïde,Linant (Michel),tragédie,,5,vers,
18,Alzire ou les Américains,Voltaire (François-Marie Arouet dit ),tragédie,,5,vers,
19,Amalasonte,"Ximénès (Augustin-Louis, marquis de)",tragédie,,5,vers,
20,Amasis,La Grange-Chancelle (Joseph de),tragédie,,5,vers,
21,Amélie ou le Duc de Foix (dite Le Duc de Foix),Voltaire (François-Marie Arouet dit ),tragédie,,5,vers,
22,Amélise,Ducis (Jean-François),tragédie,,5,vers,
23,Aménophis,Saurin (Bernard-Joseph),tragédie,,5,vers,
24,Amestris,Mauger,tragédie,,5,vers,
25,Amour pour amour,La Chaussée (Pierre-Claude Nivelle de),comédie,x,3,vers,
26,Amphitryon,Molière (Jean-Baptiste Poquelin dit) ,comédie,x,3,vers libres,
27,Andromaque,Racine (Jean),tragédie,,5,vers,
28,Andronic,Campistron (Jean-Galbert de) ,tragédie,,5,vers,
29,Annibal,Marivaux (Pierre Carlet de Chamblain de),tragédie,,5,vers,
30,Antigone ou la Piété fraternelle,Doigny du Ponceau,tragédie,,5,vers,
31,Antipater,Portelance (François de),tragédie,,5,vers,
32,Apelle et Campaspe,Voiron,pièce héroïque ,,1,vers,x
33,Aphos,Baragué,comédie,,1,vers libres,
34,Ariane,Corneille (Thomas),tragédie,,5,vers,
35,Aristomène,Marmontel (Jean-François) ,tragédie,,5,vers,
36,Artaxerce,Lemierre (Antoine-Marin) ,tragédie,,5,vers,
37,Astarbé,Colardeau (Charles-Pierre),tragédie,,5,vers,
38,"Astrate, roi de Tyr",Quinault (Philippe),tragédie,,5,vers,
39,Astyanax,Châteaubrun (Jean-Baptiste Vivien de),tragédie,,5,vers,
40,Astyanax,Richerolle d'Avalon,tragédie,,5,vers,
41,Athalie,Racine (Jean),tragédie,,5,vers,
42,Atoine et Cléopâtre ,Boistel d'Welles (Jean-Baptiste Robert),tragédie,,5,vers,
43,Atrée et Thyeste,Crébillon père (Prosper Jolyot de Crébillon dit),tragédie,,5,vers,
44,Attendez-moi sous l’orme,Regnard (Jean-François),comédie,,1,prose,
45,Augusta,Fabre d'Églantine (Philippe-François Nazaire Fabre dit),tragédie,,5,vers,
46,Auguste et Théodore ou les Deux pages,Manteufel (baron de),comédie,,2,prose,
47,Azémire,Chénier (Marie-Joseph),tragédie ,,5,vers,
48,Bajazet,Racine (Jean),tragédie,,5,vers,
49,"Barnevelt, grand pensionnaire de Hollande",Lemierre (Antoine-Marin) ,tragédie,,5,vers,
50,Bérénice ,Racine (Jean),tragédie,,5,vers,
51,Beverley,Saurin (Bernard-Joseph),tragédie bourgeoise,,5,vers libres,
52,Blanche et Guiscard,Saurin (Bernard-Joseph),tragédie,,5,vers,
53,Briséis ou la colère d'Achille,Poissinet de Sivry (Louis),tragédie,,5,vers,
54,Britannicus,Racine (Jean),tragédie,,5,vers,
55,Brutus,Voltaire (François-Marie Arouet dit ),tragédie,,5,vers,
56,Caïus Marcius Coriolan ou le danger d'offenser un grand homme,Gudin de La Brenellerie (Paul-Philippe),tragédie,,4,vers,
57,Caliste,Anonyme,tragédie,,5,vers,
58,Caliste,Colardeau (Charles-Pierre),tragédie ,,5,vers,
59,Catilina,Crébillon père (Prosper Jolyot de Crébillon dit),tragédie,,5,vers,
60,Cénie,Graffigny (Mme de),pièce dramatique,,5,prose,
61,Céramis,Lemierre (Antoine-Marin) ,tragédie,,5,vers,
62,Charles IX ou l'École des rois,Chénier (Marie-Joseph),tragédie ,,5,vers,
63,Cinna ou la Clémence dAuguste,Corneille (Pierre),tragédie,,5,vers,
64,Clémentine et Desormes,Monvel (Jacques-Marie Boutet de Monvel dit) ,drame,,5,prose,
65,Cléôpatre,Marmontel (Jean-François) ,tragédie,,5,vers,
66,Colin-Maillard,Dancourt (Florent Carton dit) ,comédie,,1,prose,x
67,Coriolan,La Harpe (Jean-François de),tragédie,,5,vers,
68,Coriolan,Mauger,tragédie,,5,vers,
69,Corneille aux Champs-Élysées,Riouffe (Honoré-Jean),comédie,,1,vers libres,
70,Cosroès,Lefèvre (Pierre-François-Alexandre),tragédie,,5,vers,
71,Cosroès,Mauger,tragédie,,5,vers,
72,Crispin bel esprit,"La Tuillerie (Jean-François Juvenon, sieur de)",comédie,,1,vers,
73,Crispin médecin,Hauteroche (Noël Lebreton de),comédie,,3,vers,
74,Crispin précepteur,La Tuillerie (Jean-François Juvenon),comédie,,1,vers,
75,Crispin précepteur,"La Tuillerie (Jean-François Juvenon, sieur de)",comédie,,1,vers,
76,Crispin rival de son maître,Lesage (Alain-René),comédie,,1,prose,
77,Cromwell,Du Clairon (Antoine Maillet),tragédie,,5,vers,
78,Démocrite,Regnard (Jean-François),comédie,,5,vers,
79,Denys le tyran,Marmontel (Jean-François) ,tragédie,,5,vers,
80,Deucalion et Pyrrha,Saint-Foix (Germain-François Poullain de),comédie,x,1,prose,
81,Didon,Le Franc de Pompignan (Jean-Jacques),tragédie,,5,vers,
82,Dom Juan ou Le Festin de Pierre,Molière (Jean-Baptiste Poquelin dit) ,comédie,,5,prose,
83,Don Japhet d'Arménie,Scarron (Paul),comédie,,5,vers,
84,Don Pasquin d'Avalos,Montfleury (Antoine Jacob),intermède,,,vers,x
85,Don Sanche d'Aragon,Corneille (Pierre),comédie héroïque,,5,vers,
86,Dorval ou le Fou par amour,"Ségur (Joseph-Alexandre-Pierre, vicomte de)",drame historique ,,1,vers,
87,Dupuis et Desronais,Collé (Charles),comédie,,3,vers libres,
88,"Edgard, roi d'Angleterre ou le Page supposé",Chénier (Marie-Joseph),comédie ,,2,vers,
89,Égérie,Saint-Foix (Germain-François Poullain de),comédie,,1,prose,
90,Égyptus,Marmontel (Jean-François) ,tragédie,,5,vers,
91,Électre,Crébillon père (Prosper Jolyot de Crébillon dit),tragédie,,5,vers,
92,Épicharis ou la Mort de Néron,"Ximénès (Augustin-Louis, marquis de)",tragédie,,5,vers,
93,Éponine,Chabanon (Michel Paul Guy de),tragédie,,5,vers,
94,Éricie ou la Vestale,Dubois-Fontanelle (Jean-Gaspard),tragédie,,3,vers,
95,Ésope à la cour,Boursault (Edme ) ,comédie héroïque,x,5,vers,
96,Eugénie,Beaumarchais (Pierre-Augustin Caron de),drame ,,5,prose,
97,Fernand Cortez ou Montézume,Piron (Alexis),tragédie,,5,vers,
98,Florinde,Lefèvre (Pierre-François-Alexandre),tragédie,,5,vers,
99,Gabrielle de Vergy,Belloy (Pierre-Laurent Buirette de),tragédie,,5,vers,
100,Gaston et Bayard,Belloy (Pierre-Laurent Buirette de),tragédie,,5,vers,
101,George Dandin ou le Mari confondu,Molière (Jean-Baptiste Poquelin dit) ,comédie,,3,prose,
102,Guillaume Tell,Lemierre (Antoine-Marin) ,tragédie,,5,vers,
103,Gustave Wasa,Piron (Alexis),tragédie,,5,vers,
104,Hamlet,Ducis (Jean-François),tragédie,,5,vers,
105,Henriette,Raucourt (Françoise-Marie-Antoinette-Josèphe Saucerotte de Raucourt dite Mlle),drame,,3,prose,
106,"Héraclius, empereur d'Orient",Corneille (Pierre),tragédie,,5,vers,
107,Hercule,Renout (Jean-Julien-Constantin),tragédie,,5,vers,
108,Hercule au mont d'Œta ,Lefèvre (Pierre-François-Alexandre),tragédie,,5,vers,
109,Hérode et Mariamne,Voltaire (François-Marie Arouet dit ),tragédie,,5,vers,
110,Heureusement,Rochon de Chabannes (Marc-Antoine-Jacques),comédie,,1,vers,
111,Hirza,Sauvigny (Edme-Louis Billardon de),tragédie,,5,vers,
112,Horace,Corneille (Pierre),tragédie,,5,vers,
113,Hylas et Sylvie,Rochon de Chabannes (Marc-Antoine-Jacques),pastorale ,,1,prose,
114,Hypermnestre,Lemierre (Antoine-Marin) ,tragédie,,5,vers,
115,Hypermnestre ou Lyncée,Riupeirous (Théodore),tragédie,,5,vers,
116,Idoménée,Lemierre (Antoine-Marin) ,tragédie,,5,vers,
117,Inès de Castro,La Motte (Antoine Houdar de),tragédie,,5,vers,
118,Ino et Mélicerte,La Grange-Chancelle (Joseph de),tragédie,,5,vers,
119,Iphigénie,Racine (Jean),tragédie,,5,vers,
120,Iphigénie en Tauride,La Touche (Claude Guymond de),tragédie,,5,vers,
121,Irène,Voltaire (François-Marie Arouet dit ),tragédie,,5,vers,
122,Irène,Boistel d'Welles (Jean-Baptiste Robert),tragédie,,5,vers,
123,Jean Callas,Laya (Jean-Louis),tragédie,,5,vers,
124,Jean-Jacques Rousseau dans l'île de Saint-Pierre,Genlis (Stéphanie-Félicité du Crest de),drame ,x,5,prose,
125,Jeanne d'Angleterre,La Place (Pierre-Antoine de),tragédie,,5,vers,
126,"Jeanne Ière, reine de Naples",La Harpe (Jean-François de),tragédie,,5,vers,
127,Jodelet ou le Maître valet,Scarron (Paul),comédie,,5,vers,
128,Julie ou le Bon père,Denon (Dominique-Vivant),comédie,,3,prose,
129,Julie ou le Triomphe de l'amitié,Marin (François-Louis-Claude),comédie,,3,prose,
130,Julie ou l'Heureuse épreuve,Saint-Foix (Germain-François Poullain de),comédie,,1,prose,
131,La Belle-mère ou les Dangers d'un second mariage,Vigée (Louis-Jean-Baptiste-Étienne),comédie,,5,vers,
132,La Bergère des Alpes,Desfontaines de La Vallée (Guillaume-François Fouques Deshayes de),comédie,,1,vers libre,
133,La Bienfaisance de Voltaire ou le triomphe de la philosophie,Willemain d'Abancourt (François-Jean),pièces dramatique,,1,vers,
134,La Cavalcade,Inconnu,divertissement,,,,x
135,La Colonnie,Saint-Foix (Germain-François Poullain de),comédie,x,3,prose,
136,La Comtesse de Chazelles,Montesson (Charlotte-Jeanne Béraud de),comédie,,5,vers,
137,La Comtesse d'Escarbagnas,Molière (Jean-Baptiste Poquelin dit) ,comédie,,1,prose,
138,La Comtesse d'Orgueil,Corneille (Thomas),comédie,,5,vers,
139,La Coquette corrigée,"La Noue (Jean-Baptiste Sauvé, dit de)",comédie,,5,vers,
140,La Coquette de village ou le lot supposé,Dufresny (Charles Rivère),comédie,,3,vers,
141,La Coquette et la fausse prude,Baron (Michel Boyron dit),comédie,,5,prose,
142,La Coupe enchantée,La Fontaine (Jean de); Chevillet (Charles),comédie,,1,prose,
143,La Créole,La Morlière (Chevalier de),comédie,,1,prose,
144,La Discipline militaire du Nord,Friedel (André-Chrétien); Moline (Pierre-Louis),drame ,,5,prose,
145,La Dispute,Marivaux (Pierre Carlet de Chamblain de),comédie,,1,prose,
146,La Double extravagance,Bret (Antoine),comédie,,3,vers,
147,La Famille extravagante,Le Grand (Marc-Antoine),comédie,,1,vers,
148,La Fausse Agnès ou le Poète campagnard,Destouches (Philippe Néricault dit),comédie,,3,prose,
149,La Fausse antipathie,La Chaussée (Pierre-Claude Nivelle de),comédie,x,3,vers,
150,La Fausse apparence ou le Jaloux malgré lui,Imbert (Barthélémy),comédie,,3,vers,
151,La Fausse coquette,Vigée (Louis-Jean-Baptiste-Étienne),comédie,,3,vers,
152,La Fausse inconstance,Beauharnais (Marie-Anne Françoise Mouchard dite Fanny de),comédie ,,5,prose,
153,La Feinte par amour,Dorat (Claude-Joseph),comédie,,3,vers,
154,La Femme juge et partie,Montfleury (Antoine Jacob),comédie,,5,vers,
155,La Fête de village,Desfontaines (François-Georges Fouques Deshayes dit),intermède,,,musique,x
156,La Fête de village ou les Bourgeois de qualité,Dancourt (Florent Carton dit) ,comédie,,3,prose,x
157,La Fête interrompue ou le Rival de lui-même,La Chaussée (Pierre-Claude Nivelle de),comédie,,1,vers libres,
158,La Fille Capitaine,Montfleury (Antoine Jacob),comédie,,5,vers,
159,La Fille d'Aristide,Graffigny (Mme de),comédie,,5,vers,
160,La Foire de Saint-Laurent,Le Grand (Marc-Antoine),comédie,,1,vers,
161,La Folie du jour,Boissy (Louis de),comédie,,1,vers libres,
162,La Folie et l'Amour,Yon,comédie,,1,vers libres,
163,La Force du naturelle,Destouches (Philippe Néricault dit),comédie,,5,vers,
164,La Gageure de Village,Seillans (Colomb de),comédie,,1,prose,
165,La Gageure imprévue,Sedaine (Michel-Jean),comédie,,1,prose,
166,La Gouvernante,La Chaussée (Pierre-Claude Nivelle de),comédie,,5,vers,
167,La Jeune épouse,Cubières-Palmezeaux (Michel),comédie,,3,vers,
168,La Jeune indienne,Chamfort (Sébastien-Roch-Nicolas de),comédie,,1,vers,
169,La liberté conquise ou le Despotisme renversé,Harny de Guerville,drame héroïque ,,5,prose,
170,La Magie de l'Amour,Autreau (Jacques),comédie pastorale ,,1,vers libres,
171,La Maison de campagne,Dancourt (Florent Carton dit),comédie,,1,prose,
172,La Maison de Molière ou la Journée de Tartuffe,Mercier (Louis-Sebastien),comédie,,4,prose,
173,La Manie des arts ou la Matinée à la mode,Rochon de Chabannes (Marc-Antoine-Jacques),comédie,,1,prose,
174,La Matinée d'une jolie femme,Vigée (Louis-Jean-Baptiste-Étienne),comédie,,1,prose,
175,La Mère coquette ou les amants brouillés,Quinault (Philippe),comédie,,5,vers,
176,La Mère jalouse,Barthe (Nicolas-Thomas),comédie,,3,vers,
177,La Métamorphose amoureuse,Le Grand (Marc-Antoine),comédie,,1,prose,
178,La Métempsychose,Yon,comédie,x,3,vers libres,
179,La Métromanie ou le Poète,Piron (Alexis),comédie,,5,vers,
180,La mort d'Abel ou le Premier meurtre,Legouvé (Gabriel-Jean-Baptiste),tragédie,,3,vers,
181,La Mort de César,Voltaire (François-Marie Arouet dit ),tragédie,,3,vers,
182,La Mort de Molière,Cubières-Palmezeaux (Michel),comédie,,3,vers,
183,La Mort de Pompée,Corneille (Pierre),tragédie,,5,vers,
184,La Mort de Socrate,Sauvigny (Edme-Louis Billardon de),tragédie,,5,vers,
185,La Nouveauté,Le Grand (Marc-Antoine),comédie,,1,prose,
186,La Parisienne,Dancourt (Florent Carton dit),comédie,,1,prose,
187,La Partie de chasse de Henri IV,Collé (Charles),comédie,,3,prose,
188,La Péruvienne,Boissy (Louis de),comédie,,5,vers libres,
189,La Physicienne,"La Montagne (Pierre Latour, baron de)",comédie,,1,vers,
190,La Princesse d'Elide,Molière (Jean-Baptiste Poquelin dit) ,comédie-ballet,,5,prose,x
191,La Pupille,Fagan (Christophe-Barthélémy Fagan de Lugny dit),comédie,,1,prose,
192,La Réconciliation normande,Dufresny (Charles Rivère),comédie,,5,vers,
193,La Réduction de Paris,Desfontaines de La Vallée (Guillaume-François Fouques Deshayes de),pièce héroïque,,3,prose,
194,La Ressemblance,Forgeot (Nicolas-Julien),comédie,,3,vers,
195,La Rivale suivante,Rousseau (Pierre-Joseph),comédie,x,1,vers,
196,La Rupture ou le Malentendu,Delhorme (Mmes),comédie,,1,vers,
197,La Ruse inutile,Rousseau (Pierre-Joseph),comédie,,1,vers libres,
198,La Seconde surprise de l'amour,Marivaux (Pierre Carlet de Chamblain de),comédie,,3,prose,
199,La Sérénade,Regnard (Jean-François),comédie,,1,prose,
200,La Soirée d'une vielle femme,Lourdet de Santerre (Jean-Baptiste),comédie,,2,prose,
201,La Surprise de l'amour,Marivaux (Pierre Carlet de Chamblain de),comédie,,1,prose,
202,La Tarentule,Martel,comédie,,1,prose,
203,La Valet maître,Moissy (Alexandre-Guillaume Mouslier de),comédie,,3,vers,
204,La Veuve,Collé (Charles),comédie,,1,prose,
205,La Veuve du Malabar ou l'Empire des coutumes,Lemierre (Antoine-Marin) ,tragédie,,5,vers,
206,La Vivacité à l'épreuve,Vigée (Louis-Jean-Baptiste-Étienne),comédie,,3,vers,
207,L'Algérien ou les Muses comédiennes,Cahusac (Louis de),comédie-ballet,x,3,vers libres,x
208,L'Amant Bourru,Monvel (Jacques-Marie Boutet de Monvel dit) ,comédie,,3,vers libres,
209,L'Amant déguisé,La Morlière (Chevalier de),comédie,,1,prose,
210,L'Amateur,Barthe (Nicolas-Thomas),comédie,,1,vers,
211,L'Ambitieux et l'indiscrète,Destouches (Philippe Néricault dit),tragi-comédie,x,5,vers,
212,L'Ami des lois ,Laya (Jean-Louis),comédie,,5,vers,
213,L'Amour à Tempé,Chaumont (Mme),pastorale ,,2,prose,x
214,L'Amour diable,Le Grand (Marc-Antoine),comédie,,1,vers,
215,L'amour et les Fées,Bernis (Cardinal François-Joachim de),comédie,,1,vers libres,
216,L'Amour exilé des cieux,"Dufresnoy (Adélaïde Gilette Billet, dame)",comédie,,1,vers,x
217,L'Amour français,Rochon de Chabannes (Marc-Antoine-Jacques),comédie,,1,vers,
218,L'Amour médecin ou Les Médecins,Molière (Jean-Baptiste Poquelin dit) ,comédie-ballet,,3,prose,
219,L'Amour usé ou le Vindicatif généreux,Destouches (Philippe Néricault dit),comédie,,5,prose,
220,L'Andrienne,Baron (Michel Boyron dit),comédie,,5,vers,
221,L'Anglais à Bordeaux,Favart (Charles-Simon),comédie,,1,vers libres,
222,L'Angloman(i)e ou l'Orpheline léguée,Saurin (Bernard-Joseph),comédie,,1,vers libres,
223,Lanval et Viviane,Murville (Pierre-Nicolas André de),comédie-féérie héroïque,,5,vers,
224,L'Apothéose de Beaurepaire,Lesur (Charles-Louis),pièce ,,1,vers,
225,L'Assemblée,Lebeau de Schosne (Augustin-Théodore-Vincent abbé),comédie ,,1,vers,
226,Laurette,Oisemont (Thomas d'),comédie,,3,vers libres,
227,Laurette,Dudoyer de Gastels (Gérard),comédie,,2,vers,
228,L'Avare,Molière (Jean-Baptiste Poquelin dit) ,comédie,,5,prose,
229,L'Avare amoureux,Aigueberre (Jean Dumas d'),comédie,,1,prose,
230,L'Avare cru bienfaisant,Desfaucherets (Jean-Louis Brousse),comédie,,5,vers,
231,L'Aveugle clairvoyant,Le Grand (Marc-Antoine),comédie,,1,vers,
232,L'Aveugle par crédulité,Fournelle (Jean-Nicolas),comédie,,1,prose,
233,L'Avocat Patelin,Brueys (David-Augustin de),comédie,,3,prose,
234,Le Babillard,Boissy (Louis de),comédie,,1,vers,
235,Le Barbier de Séville ou la Précaution inutile,Beaumarchais (Pierre-Augustin Caron de),comédie,,4,prose,
236,Le Baron d'Albikrac,Corneille (Thomas),comédie,,5,vers,
237,Le Baron de la Crasse,Poisson (Raymond),comédie,,1,vers,
238,Le Bienfait anonyme,Pilhes (Jean),comédie,,3,prose,
239,Le Bienfait rendu ou le Négociant,Dampierre de la Salle,comédie ,,5,vers,
240,Le Bon ami,Legrand,comédie,,1,prose,
241,Le Bon soldat,Dancourt (Florent Carton dit) ,comédie,,1,vers,
242,Le Bourgeois gentilhomme,Molière (Jean-Baptiste Poquelin dit) ,comédie-ballet,,5,prose,x
243,Le Bourru bienfaisant,Goldoni (Carlo),comédie,,3,prose,
244,Le Café ou l'Ecossaise,Voltaire (François-Marie Arouet dit ),comédie,,5,prose,
245,Le Caprice ou l'Épreuve dangereuse,Renout (Jean-Julien-Constantin),comédie,,3,prose,
246,Le Célibataire,Dorat (Claude-Joseph),comédie,,5,vers libres,
247,Le Centenaire de Molière,Artaud (Jean-Baptiste),comédie,,1,vers et prose,
248,Le Cercle ou la Soirée à la mode,Poinsinet (Antoine-Alexandre-Henri) ,comédie épisodique,,1,prose,
249,Le Charivari,Dancourt (Florent Carton dit) ,comédie,,1,prose,x
250,Le Chevalier à la mode,Dancourt (Florent Carton dit) ,comédie,,5,prose,
251,Le Chevalier français à Londres,Dorat (Claude-Joseph),comédie,,3,vers,
252,Le Chevalier français à Turin,Dorat (Claude-Joseph),comédie,,4,vers,
253,Le Chevalier sans peur et sans reproche ou les Amours de Bayard,Monvel (Jacques-Marie Boutet de Monvel dit) ,comédie héroïque,,3,prose,
254,Le Chirurgien de village,Simon-Chauvot,comédie,,1,prose,
255,Le Cid,Corneille (Pierre),tragi-comédie,,5,vers,
256,Le Cocher supposé,Hauteroche (Noël Lebreton de),comédie,,1,prose,
257,Le Complaisant,Pont-de-Vesle (Antoine de Fériol de),comédie,,5,prose,
258,Le Comte de Comminges ou les Amants malheureux,Arnaud (François-Thomas-Marie de Baculard d'),drame ,,3,vers,
259,Le Comte de Warwick,La Harpe (Jean-François de),tragédie,,5,vers,
260,Le Comte de Warwick,Cahusac (Louis de),tragédie,,5,vers,
261,Le Comte d'Essex,Corneille (Thomas),tragédie,,5,vers,
262,Le Concert ,Bret (Antoine),comédie,,1,prose,
263,Le Concert ridicule,Brueys (David-Augustin de); Palaprat (Jean de),comédie,,1,prose,
264,Le Conciliateur ou l'Homme aimable,Demoustier (Charles-Albert),comédie,,5,vers,
265,Le Consentement forcé,Merville (Michel Guyot de),comédie,,1,prose,
266,Le Conteur ou les deux postes,Picard (Louis-Benoît),comédie,,3,prose,
267,Le Couvent ou les Fruits du caractère et de l'éducation,Laujon (Pierre),comédie,,1,prose,
268,Le Curieux impertinent,Destouches (Philippe Néricault dit),comédie,,5,vers,
269,Le Dédit,Dufresny (Charles Rivère),comédie,,1,vers,
270,Le Déjeuner interrompu,Montanclos (Marie-Émilie Mayon de),comédie,,2,prose,
271,Le Dénouement imprévu,"Marivaux (Pierre Carlet de Chamblain de), Parfaict",comédie,,1,prose,
272,Le Dépit amoureux,Molière (Jean-Baptiste Poquelin dit) ,comédie,,5,vers,
273,Le Deuil,Hauteroche (Noël Lebreton de),comédie,,1,vers,
274,Le Dissipateur ou l'Honnête friponne,Destouches (Philippe Néricault dit),comédie,,5,vers,
275,Le Distrait,Regnard (Jean-François),comédie,,5,vers,
276,Le Double Veuvage,Dufresny (Charles Rivère),comédie,x,3,prose,
277,Le Droit du seigneur,Voltaire (François-Marie Arouet dit ),comédie,,3,vers,
278,Le Duc de Surrey,Boissy (Louis de),pièce héroïque ,,5,vers,
279,Le Fabricant de Londres,Denouillot de Falbaire (Charles-Georges),drame ,,5,prose,
280,Le Fat,Lattaignant (Gabriel-Charles de),comédie,,5,vers,
281,Le Fat puni,Pont-de-Vesle (Antoine de Fériol de),comédie,,1,prose,
282,Le Faux généreux,Bret (Antoine),comédie,,5,vers,
283,Le Faux insouciant,Maisonneuve (Louis-Jean-Baptiste Simonnet de),comédie,,5,vers,
284,Le Faux noble,Chabanon (Michel Paul Guy de),comédie,,5,vers,
285,Le Faux savant ou l'Amant précepteur ,Vaure (Jacques du) ,comédie,,5,prose,
286,Le Festin de Pierre,Corneille (Thomas),comédie,,5,vers,
287,Le Fils naturel ou les Epreuves de la vertu,Diderot (Denis),drame ,x,5,prose,
288,Le Financier,Saint-Foix (Germain-François Poullain de),comédie,,1,prose,
289,Le Flatteur,Lantier (Étienne François de),comédie,,5,vers libres,
290,Le Florentin,La Fontaine (Jean de),comédie,,1,vers,
291,Le Français à Londres,Boissy (Louis de),comédie,,1,prose,
292,Le Galant coureur ou l'Ouvrage d'un moment,Le Grand (Marc-Antoine),comédie,,1,prose,
293,Le Galant jardinier,Dancourt (Florent Carton dit) ,comédie,,1,prose,x
294,Le Gâteau des rois ou Monsieur Petau,Imbert (Barthélémy),comédie,x,1,vers,
295,Le Glorieux,Destouches (Philippe Néricault dit),comédie,,5,vers,
296,Le Grondeur,Brueys (David-Augustin de); Palaprat (Jean de),comédie,x,3,prose et vers libres,
297,Le héros français: ou l'Héroïsme français ou le Siège de Saint-Jean de Laone,Ussieux (Louis d'),drame héroïque ,,4,prose,
298,Le Jaloux,Bret (Antoine),comédie,,5,vers,
299,Le Jaloux ,Rochon de Chabannes (Marc-Antoine-Jacques),comédie,,5,vers libres,
300,Le Jaloux désabusé,Campistron (Jean-Galbert de) ,comédie,,5,vers,
301,Le Jaloux sans amour,Imbert (Barthélémy),comédie,,5,vers libres,
302,Le Jeune homme,Bastide (Jean-François de),comédie,,5,vers,
303,Le Joueur,Regnard (Jean-François),comédie,,5,vers,
304,Le Journaliste des ombres ou Momus au Champ-Élysées,Aude (Joseph),pièce héroïque nationale ,,1,vers,
305,Le Légataire universel,Regnard (Jean-François),comédie,,5,vers,
306,Le Legs,Marivaux (Pierre Carlet de Chamblain de),comédie,,1,prose,
307,Le Magnifique,La Motte (Antoine Houdar de) ,comédie,,2,prose,
308,Le Maire de village ou la Force de la loi,Laus de Boissy,comédie,,1,prose,
309,Le Malade imaginaire,Molière (Jean-Baptiste Poquelin dit) ,comédie-ballet,,3,vers,
310,Le Malheureux imaginaire,Dorat (Claude-Joseph),comédie,,5,vers,
311,Le Marchand de Smyrne,Chamfort (Sébastien-Roch-Nicolas de),pièce,,1,prose,
312,Le Mari directeur ou le Déménagement des religieuses,Flins des Oliviers,comédie,,1,vers,
313,Le Mari retrouvé,Dancourt (Florent Carton dit) ,comédie,,1,prose,x
314,Le Mari sans femme,Montfleury (Antoine Jacob),comédie,,5,vers,
315,Le Mariage clandestin,Le Monnier (Pierre-René),comédie,,3,vers libres,
316,Le Mariage de Figaro ou la Folle journée,Beaumarchais (Pierre-Augustin Caron de),comédie,,5,prose,
317,Le Mariage fait et rompu,Dufresny (Charles Rivère),comédie,,3,vers,
318,Le Mariage forcé,Molière (Jean-Baptiste Poquelin dit) ,comédie,,1,prose,
319,Le Mariage interrompu ou la Fille supposée,Cailhava (Jean-François Cailhava d'Estendoux dit),comédie,,3,vers,
320,Le Mariage par dépit,Bret (Antoine),comédie,,3,prose,
321,Le Mariage secret,Desfaucherets (Jean-Louis Brousse),comédie,,3,vers,
322,Le Méchant,Gresset (Jean-Baptiste-Louis),comédie,,5,vers,
323,Le Médecin de l'amour,Anseaume (Louis) ; Marcouville (Pierre-Augustin Lefèvre de Marcouville dit),musique,,,opéra comique,
324,Le Médecin malgré lui,Molière (Jean-Baptiste Poquelin dit) ,comédie,,3,prose,
325,Le Médecin par occasion,Boissy (Louis de),comédie,,5,vers,
326,Le Médisant,Destouches (Philippe Néricault dit),comédie,,5,vers,
327,Le Menteur,Corneille (Pierre),comédie,,5,vers,
328,Le Mercure galant ou la Comédie sans titre,Boursault (Edme ) ,comédie,,5,vers,
329,Le Misanthrope,Molière (Jean-Baptiste Poquelin dit) ,comédie,,5,vers,
330,Le Moulin de Javelle,Dancourt (Florent Carton dit) ,comédie,,1,prose,x
331,Le Muet,Brueys (David-Augustin de); Palaprat (Jean de),comédie,,5,prose,
332,Le Muet par amour,Alliot,comédie,,1,vers,
333,Le Naufrage ou la Pompe funèbre de Crispin,La Font (Joseph de),comédie,,1,vers,
334,Le Nouveau monde,Pellegrin (l'abbé Simon-Joseph),comédie,x,3,vers libres,
335,Le Paysan magistrat ou Il y a une bonne justice,Collot d'Herbois (Jean-Marie Collot dit),comédie,,5,prose,
336,Le Père de famille,Diderot (Denis),comédie,,5,prose,
337,Le Père désabusé,Cérou (Pierre Chevalier de),comédie ,,1,prose,
338,Le Persifleur,Sauvigny (Edme-Louis Billardon de),comédie,,3,vers,
339,Le Philantrope ou l'Ami de tout le monde,Le Grand (Marc-Antoine),comédie,,1,prose,
340,Le Philinte de Molière ou la Suite du Misanthrope,Fabre d'Églantine (Philippe-François Nazaire Fabre dit),comédie,,5,vers,
341,Le Philosophe marié ou le Mari honteux de l'être,Destouches (Philippe Néricault dit),comédie,,5,vers,
342,Le Philosophe sans le savoir,Sedaine (Michel-Jean),comédie,,5,prose,
343,Le Plaisir,Marchadier (Abbé),comédie,,1,vers libres,
344,Le Port de mer,Boindin (Nicolas) ; La Motte (Antoine Houdar de),comédie,,1,prose,
345,Le Portrait ou le Danger de tout dire,Desfaucherets (Jean-Louis Brousse),comédie,,1,vers,
346,Le Préjugé à la mode,La Chaussée (Pierre-Claude Nivelle de),comédie,,5,vers,
347,Le Préjugé vaincu,Marivaux (Pierre Carlet de Chamblain de),comédie,,1,prose,
348,Le Présomptueux ou l'Heureux imaginaire ,Fabre d'Églantine (Philippe-François Nazaire Fabre dit),comédie,,5,vers,
349,Le Prix académique,Parisau (Pierre-Germain),comédie,,1,vers,
350,Le Procureur arbitre,Poisson (Philippe),comédie,,1,vers,
351,Le Quiproquo,Molé (François-René),comédie,,1,prose,
352,Le rendez-vous du mari,Murville (Pierre-Nicolas André de),comédie,,1,vers,
353,Le Rendez-vous ou l'amour supposé,Fagan (Christophe-Barthélémy Fagan de Lugny dit),comédie,,1,vers,
354,Le Retour des officiers,Dancourt (Florent Carton dit),comédie,,1,prose,x
355,Le Retour du mari,"Ségur (Joseph-Alexandre-Pierre, vicomte de)",comédie,,1,vers,
356,Le Retour imprévu,Regnard (Jean-François),comédie,,1,prose,
357,Le Réveil d'Épiménide à Paris,Flins des Oliviers,comédie,,1,vers,
358,Le Rival supposé,Saint-Foix (Germain-François Poullain de),comédie,,1,prose,
359,Le Roi de Cocagne,Le Grand (Marc-Antoine),comédie,x,3,vers libres,
360,Le Roi Léar,Ducis (Jean-François),tragédie,,5,vers,
361,Le Sage étourdi ou l'Homme inédpendant,Boissy (Louis de),comédie,,3,vers,
362,Le Satirique ou l'Homme dangereux,Palissot (Charles Palissot de Montenoy dit),comédie,,3,vers,
363,Le Séducteur,"Bièvre (François-Georges Maréchal, marquis de)",comédie ,,5,vers,
364,Le Sicilien ou l' Amour peintre,Molière (Jean-Baptiste Poquelin dit) ,comédie-ballet,,1,prose,
365,Le Siège de Calais,Belloy (Pierre-Laurent Buirette de),tragédie,,5, vers,
366,Le Somnambule,Pont-de-Vesle (Antoine de Fériol de),comédie,,1,prose,
367,Le Souper magique ou les Deux siècles,Murville (Pierre-Nicolas André de),comédie épisodique,,1,vers,x
368,Le Tambour nocturne ou le Mari devin,Destouches (Philippe Néricault dit),comédie,,5,prose,
369,Le Temps passé,Le Grand (Marc-Antoine),comédie,,1,prose,
370,Le Tombeau de Désilles,Desfontaines de La Vallée (Guillaume-François Fouques Deshayes de),pièce,,1,prose,
371,Le Tribunal de l'amour,Landon (Joseph),comédie,,1,vers libres,
372,Le Triomphe du temps,Le Grand (Marc-Antoine),comédie,,1,prose,
373,Le Triple mariage,Destouches (Philippe Néricault dit),comédie,,1,prose,
374,Le Triumvirat,Crébillon père (Prosper Jolyot de Crébillon dit),tragédie,,5,vers,
375,Le Tuteur,Dancourt (Florent Carton dit) ,comédie,,1,prose,
376,Le Tuteur amoureux,Dancourt (Florent Carton dit) ,comédie,,1,prose,
377,Le Tuteur dupé ou la Maison à deux portes,Cailhava (Jean-François Cailhava d'Estendoux dit),comédie,,5,prose,
378,Le Veuvage trompeur,La Place (Pierre-Antoine de),comédie,,3,vers,
379,Le Vieux célibataire,Collin d'Harleville (Jean-François),comédie,,5,vers,
380,Le Vieux garçon,Dubuisson (Paul-Ulric),comédie,,5,vers,
381,Le Vindicatif,Dudoyer de Gastels (Gérard),drame,,5,vers libres,
382,L'Ecole amoureuse,Bret (Antoine),comédie,,1,vers libres,
383,L'Ecole de la jeunesse ou le Retour sur soi-même,La Chaussée (Pierre-Claude Nivelle de),comédie,,5,vers,
384,L'Ecole des amis,La Chaussée (Pierre-Claude Nivelle de),comédie,,5,vers,
385,L'Ecole des bourgeois,Allainval (Léonor-Jean-Christine Soulas abbé d'),comédie,x,3,prose,
386,L'Ecole des femmes,Molière (Jean-Baptiste Poquelin dit) ,comédie,,5,prose,
387,L'Ecole des maris,Molière (Jean-Baptiste Poquelin dit) ,comédie,,3,prose,
388,L'Ecole des mères,La Chaussée (Pierre-Claude Nivelle de),comédie,,5,vers,
389,L'Ecole des moeurs ou les Suites du libertinage,Fenouillot de Falbaire (Charles-Georges Fenouillot de Falbaire de Quingey dit),drame,,5,vers,
390,L'Ecole des pères,Piron (Alexis),comédie,,5,vers,
391,L'École des pères,Pieyre (Pierre-Alexandre),comédie,,5,vers,
392,L'Écueil des mœurs ou les courtisanes,Palissot (Charles Palissot de Montenoy dit),comédie,,3,vers,
393,L'Ecueil du sage,Voltaire (François-Marie Arouet dit ),comédie,,5,vers,
394,L'Egoïsme,Cailhava (Jean-François Cailhava d'Estendoux dit),comédie,,5,vers,
395,L'Enfant prodigue ou L'Ecole de la jeunesse,Voltaire (François-Marie Arouet dit ),comédie,,5,vers,
396,L'Entrevue,Vigée (Louis-Jean-Baptiste-Étienne),comédie,,1,vers,
397,L'épouse à la mode,La Place (Pierre-Antoine de),comédie,,3,vers,
398,L'Epoux par supercherie,Boissy (Louis de),comédie,,2,vers,
399,L'Epreuve ,Marivaux (Pierre Carlet de Chamblain de),comédie,,1,prose,
400,L'Épreuve délicate,Grouvelle (Philippe-Antoine),comédie,,3,vers,
401,L'Épreuve imprudente,Mauger,comédie,,3,vers libres,
402,L'Epreuve indiscrète,Bret (Antoine),comédie,,2,vers,
403,L'Epreuve réciproque,Le Grand (Marc-Antoine ); Alain (René),comédie,,1,prose,
404,Les Adieux du goût ,Patu (Claude-Pierre); Portelance (François de),comédie,,1,vers libres,
405,Les Amants espagnols,Beauregard (Jean-Simon Féréol Beauregard de Marseille dit),comédie ,,5,prose,
406,Les Amants généreux,Rochon de Chabannes (Marc-Antoine-Jacques),comédie,,5,prose,
407,Les Amants sans le savoir ,Saint-Chamond (Mme de),comédie,,3,prose,
408,Les Amazones,Du boccage (Mme Fiquet du),tragédie,,5,vers,
409,Les Amazones modernes ou le Triomphe des dames,Le Grand (Marc-Antoine); Fuzelier (Louis),comédie,,3,prose,
410,Les amis à l'épreuve,Pieyre (Pierre-Alexandre),comédie,,1,vers croisés,
411,Les Arsacides,Peyraud de Beaussol ,tragédie,,6,vers,
412,Les Aveux difficiles,Vigée (Louis-Jean-Baptiste-Étienne),comédie ,,1,vers,
413,Les Barmécides,La Harpe (Jean-François de),tragédie,,5,vers,
414,Les Bourgeoises à la mode,Dancourt (Florent Carton dit) ,comédie,,5,prose,
415,Les Brames,La Harpe (Jean-François de),tragédie,,5,vers,
416,Les Carrosses d'Orléans,La Chapelle (Jean de) ,comédie,,1,prose,
417,Les Châteaux en Espagne,Collin d'Harleville (Jean-François),comédie,,5,vers,
418,Les Chérusques,Bauvin (Jean-Grégoire),tragédie,,5,vers,
419,Les Confidences réciproques,Simon (C.F.),comédie,,1,vers libres,
420,Les Coquettes rivales,Lantier (Étienne François de),comédie,,5,vers,
421,Les Coups de l'amour et de la Fortune,Quinault (Philippe),tragi-comédie,,5,vers,
422,Les Curieux de Compiègne,Dancourt (Florent Carton dit) ,comédie,,1,prose,x
423,Les Dangers de l'opinion,Laya (Jean-Louis),drame,,5,vers,
424,Les Dehors trompeurs ou l'Homme du jour,Boissy (Louis de),comédie,,5,vers,
425,Les Deux amis,Dancourt (L.H.),comédie bouffonne,,3,prose,
426,Les Deux amis ou le Négociant de Lyon,Beaumarchais (Pierre-Augustin Caron de),drame,,5,prose,
427,Les Deux frères ,Rochefort (Guillaume Dubois de Rochefort),comédie,,5,vers,
428,Les Deux frères ou la Prévention vaincue,Moissy (Alexandre-Guillaume Mouslier de),comédie,,5,vers,
429,Les Deux nièces,Boissy (Louis de),comédie,,5,vers,
430,Les Deux sœurs,Bret (Antoine),comédie,,2,prose,
431,Les Druides,Leblanc de Guillet (Antoine Blanc dit),tragédie,,5,vers,
432,Les Effets du caractère,"Du Roullet (François-Louis Gaud Lebland, marquis)",comédie,,5,vers,
433,Les engagements indiscrets,Devaux (François-Antoine),comédie,,1,prose,
434,Les Épreuves,Forgeot (Nicolas-Julien),comédie,,1,vers,
435,Les Etrennes de l’amour,Cailhava (Jean-François Cailhava d'Estendoux dit),comédie-ballet,,1,prose,x
436,"Les Etrennes de l'amitié, de l'amour et de la nature",Dorvigny (Louis-François Archambault dit),comédie,,1,vers,
437,Les Fables d'Ésope ou Ésope à la ville,Boursault (Edme ) ,comédie ,x,5,vers et vers libres,
438,Les Fâcheux,Molière (Jean-Baptiste Poquelin dit) ,comédie-ballet,x,3,vers,
439,Les Fausses apparences,Bellecour (Jean-Claude-Gilles de),comédie,,1,prose,
440,Les Fausses confidences,Marivaux (Pierre Carlet de Chamblain de),comédie,,3,vers,
441,Les Fausses infidélités,Barthe (Nicolas-Thomas),comédie,,1,vers,
442,Les Fausses présomptions ou le Jeune gouverneur,Robert,comédie,,5,vers,
443,Les Fées,Dancourt (Florent Carton dit) ,comédie,x,3,prose et vers libres,x
444,Les Femmes,Demoustier (Charles-Albert),comédie,,4,vers,
445,Les Femmes savantes,Molière (Jean-Baptiste Poquelin dit) ,comédie,,5,vers,
446,Les Folies amoureuses,Regnard (Jean-François),comédie,x,3,vers et vers libres,
447,Les Fourberies de Scapin,Molière (Jean-Baptiste Poquelin dit) ,comédie,,3,prose,
448,Les Grâces,Saint-Foix (Germain-François Poullain de),comédie,,1,prose,
449,Les Héraclides,Marmontel (Jean-François) ,tragédie,,5,vers,
450,Les Hommes,Saint-Foix (Germain-François Poullain de),comédie-ballet,,1,prose,
451,Les Macchabées,La Motte (Antoine Houdar de),tragédie,,5,vers,
452,Les Marins ou le Médiateur maladroit,Desforges (P-J-B),comédie,,5,vers,
453,Les Ménechmes ou les Jumeaux,Regnard (Jean-François),comédie,x,5,vers et vers libres,
454,Les Méprises,Rousseau (Pierre-Joseph),comédie,,1,vers libres,
455,Les Méprises ou le Rival par ressemblance,Palissot (Charles Palissot de Montenoy dit),comédie,,5,vers,
456,Les Moeurs du temps,Saurin (Bernard-Joseph),comédie,,1,prose,
457,Les Muses rivales ou l'Apothéose de Voltaire,La Harpe (Jean-François de),comédie,,1,vers libres,
458,Les Noces houzardes,Dorvigny (Louis-François Archambault dit),comédie,,4,prose,
459,Les Noms changés ou l'Indifférent corrigé,Brunet (Pierre Nicolas),comédie,,3,vers,
460,Les Originaux,Fagan (Christophe-Barthélémy Fagan de Lugny dit),comédie,,1,prose,
461,Les Paniers ou La vieille précieuse,Le Grand (Marc-Antoine),comédie,,1,prose,
462,Les Philosophes,Palissot (Charles Palissot de Montenoy dit),comédie,,3,vers,
463,Les Plaideurs,Racine (Jean),comédie,,5,vers,
464,Les Précieuses ridicules,Molière (Jean-Baptiste Poquelin dit) ,comédie,,1,prose,
465,Les Quatre sœurs,Lourdet de Santerre (Jean-Baptiste),comédie,,3,vers libres,
466,Les Réputations,"Bièvre (François-Georges Maréchal, marquis de)",comédie,,5,vers,
467,Les Rivaux,Imbert (Barthélémy),comédie,,5,vers,
468,Les Rivaux amis,Forgeot (Nicolas-Julien),comédie ,,1,vers,
469,Les Ruses d'Amour,Poisson (Philippe),comédie,,3,vers,
470,Les Scythes,Voltaire (François-Marie Arouet dit ),tragédie,,5,vers,
471,Les Souhaits pour le Roi,Valois d'Orville (Adrien-Joseph de); Dubois,comédie,,1,vers libres,
472,Les Trois cousines,Dancourt (Florent Carton dit) ,comédie,x,3,prose,x
473,Les Trois frères rivaux,La Font (Joseph de),comédie,,1,vers,
474,Les Trois Gascons,Boindin (Nicolas) ; La Motte (Antoine Houdar de),comédie,,1,prose,
475,Les Trois noces,Dezède (Nicolas),comédie champêtre ,,1,prose,x
476,Les Troyennes,Châteaubrun (Jean-Baptiste Vivien de),tragédie,,5,vers,
477,Les Tuteurs,Palissot (Charles Palissot de Montenoy dit),comédie,,2,vers,
478,Les Vacances,Dancourt (Florent Carton dit) ,comédie,,1,prose,x
479,Les Valets maîtres de la maison ou le tour de carnaval,Rochon de Chabannes (Marc-Antoine-Jacques),comédie,,1,prose,
480,Les Vendanges de Suresnes,Dancourt (Florent Carton dit) ,comédie,,1,prose,
481,Les victimes cloîtrées,Monvel (Jacques-Marie Boutet de Monvel dit) ,drame,,4,prose,
482,Les Visites du jour de l'an,Vadé (Jean-Joseph),comédie,,1,vers libres,
483,L'Esclavage de nègres ou l'Heureux naufrage,Gouges (Olympe de),drame,,3,prose,
484,L'Esprit de contradiction,Dufresny (Charles Rivère),comédie,,1,prose,
485,L'Esprit follet ou La Dame invisible,Hauteroche (Noël Lebreton de),comédie,,5,vers,
486,L'Eté des coquettes,Dancourt (Florent Carton dit) ,comédie,,1,prose,
487,L'Étourderie,Fagan (Christophe-Barthélémy Fagan de Lugny dit),comédie,,1,prose,
488,L'Etourdi ou Les Contretemps,Molière (Jean-Baptiste Poquelin dit) ,comédie,,5,vers,
489,L'Heureuse rencontre,Chaumont (Mme); Rozé (Mme),comédie,,1,prose,
490,L'Heureux retour,Fagan (Christophe-Barthélémy Fagan de Lugny dit); Panard (Charles-François),comédie,,1,vers,
491,L'Homme à bonne fortune,Baron (Michel Boyron dit),comédie,,5,prose,
492,L'Homme personnel,Barthe (Nicolas-Thomas),comédie,,5,vers,
493,L'Homme singulier,Destouches (Philippe Néricault dit),comédie,,5,vers,
494,L'Honnête criminel ou l'Amour filial,Fenouillot de Falbaire (Charles-Georges Fenouillot de Falbaire de Quingey dit),drame,,5,vers,
495,L'Hôtellerie ou le faux amis,Bret (Antoine),comédie,,5,vers,
496,L'Ile déserte,Collet (Jean-Baptiste Collet de Messine dit),comédie,,1,vers,
497,L'Île sauvage,Saint-Foix (Germain-François Poullain de),comédie,,3,prose,
498,L'Impatient,Lantier (Étienne François de),comédie,,1,vers libres,
499,L'impatient,Poinsinet (Antoine-Alexandre-Henri) ,comédie,,1,vers,
500,L'Impertinent ou le Billet perdu,Desmahis (Joseph-François-Edouard de Corsembleu dit),comédie,,1,vers libres,
501,L'important de Cour,Brueys (David-Augustin de),comédie,,5,prose,
502,L'Impromptu de campagne,Poisson (Philippe),comédie,,1,vers,
503,L'inauguration du Théâtre Français,Imbert (Barthélémy),pièce,,1,vers,
504,L'inconnu,Corneille (Thomas),comédie,x,5,vers,
505,L'Inconséquent,Lantier (Étienne François de),comédie,,5,vers,
506,L'Inconséquent ou les Soubrettes,Laujon (Pierre),comédie,,5,prose,
507,L'Inconstant,Collin d'Harleville (Jean-François),comédie,,5,vers,
508,L'indécis,Dufaut,comédie,,5,vers,
509,L'Indiscret,Voltaire (François-Marie Arouet dit ),comédie,,1,vers,
510,L'Ingrat,Destouches (Philippe Néricault dit),comédie,,5,vers,
511,L'Inquiet,Fagan (Christophe-Barthélémy Fagan de Lugny dit),comédie,,1,vers,
512,L'Irrésolu,Destouches (Philippe Néricault dit),comédie,,5,vers,
513,L'Obstacle imprévu ou l'Obstacle sans obstacle,Destouches (Philippe Néricault dit),comédie,,5,prose,
514,L'Oncle et les Tantes,"La Salle (Andrien-Nicolas, marquis de)",comédie,,3,vers,
515,L'Optimiste ou l'Homme content de tout,Collin d'Harleville (Jean-François),comédie,,5,vers,
516,L'Oracle,Saint-Foix (Germain-François Poullain de),comédie,,1,prose,
517,Lorédan,Dubois-Fontanelle (Jean-Gaspard),drame,,4,vers,
518,L'Orphelin anglais ou le Menuisier de Londres,Longueil (Charles-Henri de),drame,,3,prose,
519,L'Orphelin de la Chine,Voltaire (François-Marie Arouet dit ),tragédie,,5,vers,
520,"Louis XII, père du peuple",Ronsin (Charles-Philippe),tragédie,,3,vers,
521,Lovelace,Lemercier (Louis-Népomucène),comédie,,5,vers,
522,Lucrèce,Arnault (Antoine-Vincent),tragédie ,,5,vers,
523,L'Usurier gentilhomme,Le Grand (Marc-Antoine),comédie,,1,prose,
524,Macbeth,Ducis (Jean-François),tragédie,,5,vers,
525,Mahomet ou le Fanatisme,Voltaire (François-Marie Arouet dit ),tragédie,,5,vers,
526,Mahomet second,"La Noue (Jean-Baptiste Sauvé, dit de)",tragédie,,5,vers,
527,"Manco Capac, premier Inca du Pérou",Leblanc de Guillet (Antoine Blanc dit),tragédie,,5,vers,
528,Manlius Capitolinus,La Fosse (Antoine de La Fosse d'Aubigny dit),tragédie,,5,vers,
529,"Marie de Brabant, reine de France",Imbert (Barthélémy),tragédie,,5,vers,
530,Marius,Caux de Montlebert (Gilles de),tragédie,,5,vers,
531,Marius à Minturnes,Arnault (Antoine-Vincent),tragédie ,,3,vers,
532,Médée,Longepierre (Hilaire-Bernard de),tragédie,,5,vers,
533,Médée,Corneille (Pierre),tragédie,,5,vers,
534,Médée,Clément (Jean-Marie-Benoît),tragédie ,,3,vers,
535,Mégare,Morand (Pierre de),tragédie,,5,vers,
536,Mélanide,La Chaussée (Pierre-Claude Nivelle de),comédie,,5,vers,
537,Melcour et Verseuil,Murville (Pierre-Nicolas André de),comédie,,1,vers,
538,Méléagre,Lemercier (Louis-Népomucène),tragédie,,5,vers,
539,Mérope,Voltaire (François-Marie Arouet dit ),tragédie,,5,vers,
540,Minuit ou le Moment propice,Desaudras (Duchapt),comédie ,,1,prose,
541,Mithridate,Racine (Jean),tragédie,,5,vers,
542,Molière à la nouvelle salle ou les Audiences de Thalie ,La Harpe (Jean-François de),comédie,,1,vers libres,
543,Momus fabuliste ou les Noces de Vulcain,Fuzelier (Louis),comédie,,1,prose et vers libres,
544,Monsieur de Crac dans son petit castel,Collin d'Harleville (Jean-François),comédie,,1,vers,
545,Monsieur de Pourceaugnac,Molière (Jean-Baptiste Poquelin dit) ,comédie-ballet,,3,prose,
546,Mustapha et Zéangir,Chamfort (Sébastien-Roch-Nicolas de),tragédie,,5,vers,
547,Nadir ou Thamas Koulikan,Dubuisson (Paul-Ulric),tragédie,,5,vers,
548,Namir,"Thibouville (Henry-Lambert d'Herbigny, marquis de)",tragédie,,5,vers,
549,Nanine ou le préjugé vaincu,Voltaire (François-Marie Arouet dit ),comédie,,3,vers,
550,Narcisse ou l'amant de lui-même,Rousseau (Jean-Jacques),comédie,,1,prose,
551,Nicomède,Corneille (Pierre),tragédie,,5,vers,
552,Octave et le jeune Pompée ou les Triumvirs ,Voltaire (François-Marie Arouet dit ),tragédie,,5,vers,
553,Odmar et Zulna,Maisonneuve (Louis-Jean-Baptiste Simonnet de),tragédie,,5,vers,
554,Œdipe,Voltaire (François-Marie Arouet dit ),tragédie,,5,vers,
555,Oedipe chez Admète,Ducis (Jean-François),tragédie,,5,vers,
556,Olympie,Voltaire (François-Marie Arouet dit ),tragédie,,5,vers,
557,Oreste,Voltaire (François-Marie Arouet dit ),tragédie,,5,vers,
558,Orphanis,Blin de Sainmore (Adrien-Michel-Hyacinthe),tragédie,,5,vers,
559,Paméla ou la Vertu récompensée,François de Neufchâteau (Nicolas),comédie,,5,vers,
560,Paros,Mailhol (Gabriel),tragédie,,5,vers,
561,Paulin et Clairette ou les Deux espiègles,Dezède (Nicolas),comédie-opéra,,2,prose,x
562,Pauline,Claret de Fleurieu (Mme),comédie ,,2,vers,
563,Pénélope,"Genest (Charles-Claude, abbé)",tragédie,,5,vers,
564,Pharamond,La Harpe (Jean-François de),tragédie,,5,vers,
565,Phèdre et Hippolyte,Racine (Jean),tragédie,,5,vers,
566,Philoctète,Châteaubrun (Jean-Baptiste Vivien de),tragédie,,5,vers,
567,Philoctète,La Harpe (Jean-François de),tragédie,,3,vers,
568,Pierre le cruel,Belloy (Pierre-Laurent Buirette de),tragédie,,5,vers,
569,Pierre le Grand,Dorat (Claude-Joseph),tragédie,,5,vers,
570,"Polyeucte, martyr ",Corneille (Pierre),tragédie,,5,vers,
571,Pygmalion,Rousseau (Jean-Jacques),scène lyrique,,,prose,x
572,Pygmalion,Poissinet de Sivry (Louis),comédie,,1,prose,
573,Pyrame et Thisbé,Larive (Jean Mauduit de),deux scènes lyriques,,,prose,x
574,Pyrrhus,Crébillon père (Prosper Jolyot de Crébillon dit),tragédie,,5,vers,
575,Quartier d'hiver,Bret (Antoine); Godart d'Aucour (Claude); Villaret (Claude) ,comédie,,1,prose,
576,"Raymond V, comte de Toulouse ou le Troubadour",Sedaine (Michel-Jean),comédie héroïque,,5,prose,
577,Régulus,Dorat (Claude-Joseph),tragédie,,5,vers,
578,Rhadamiste et Zénobie,Crébillon père (Prosper Jolyot de Crébillon dit),tragédie,,5,vers,
579,Richard III,Rozoi (Barnabé Farmian de),tragédie,,5,vers,
580,Rienzi,Laignelot (Joseph-François),tragédie,,5,vers,
581,Rodogune,Corneille (Pierre),tragédie,,5,vers,
582,Rome sauvée ou Catilina,Voltaire (François-Marie Arouet dit ),tragédie,,5,vers,
583,Roméo et Juliette,Ducis (Jean-François),tragédie,,5,vers,
584,Rosaline et Floricourt,"Ségur (Joseph-Alexandre-Pierre, vicomte de)",comédie,,3,vers libres,
585,Roséïde ou l'Intrigant,Dorat (Claude-Joseph),comédie,,5,vers,
586,Roxelane et Mustapha,Maisonneuve (Louis-Jean-Baptiste Simonnet de),tragédie,,5,vers,
587,Scanderbeg,Dubuisson (Paul-Ulric),tragédie,,5,vers,
588,Scévole,Du Ryer (Pierre),tragédie,,5,vers,
589,Sémiramis,Voltaire (François-Marie Arouet dit ),tragédie,,5,vers,
590,Sertorius,Corneille (Pierre),tragédie,,5,vers,
591,Sganarelle ou le Cocu imaginaire,Molière (Jean-Baptiste Poquelin dit) ,comédie,,1,vers,
592,Sidney,Gresset (Jean-Baptiste-Louis),comédie,,3,vers,
593,Sophonisbe,Voltaire (François-Marie Arouet dit ),tragédie,,5,vers,
594,Spartacus,Saurin (Bernard-Joseph),tragédie,,5,vers,
595,Tancrède,Voltaire (François-Marie Arouet dit ),tragédie,,5,vers,
596,Tartuffe ou L'Imposteur,Molière (Jean-Baptiste Poquelin dit) ,comédie,,5,vers,
597,Térée,Lemierre (Antoine-Marin) ,tragédie,,5,vers,
598,Térée et Philomèle,Renou (Antoine),tragédie,,5,vers,
599,Théagène,Dorat (Claude-Joseph),tragédie,,5,vers,
600,Tibère et Sérénus,Fallet (Nicolas),tragédie,,5,vers,
601,Timoléon,La Harpe (Jean-François de),tragédie,,5,vers,
602,Turcaret,Lesage (Alain-René),comédie,,5,prose,
603,"Vanda, reine de Pologne",Linant (Michel),tragédie,,5,vers,
604,Varon,Grave (Charles-Joseph de),tragédie,,5,vers,
605,Venceslas,Rotrou (Jean de),tragédie,,5,vers,
606,Venise sauvée,La Place (Pierre-Antoine de),tragédie,,5,vers,
607,Virginie,La Harpe (Jean-François de),tragédie,,5,vers,
608,Virginie ou la Destruction des Décemvirs,Doigny du Ponceau,tragédie,,3,vers,
609,Washington ou la Liberté du Nouveau monde,Sauvigny (Edme-Louis Billardon de),tragédie,,4,vers,
610,Zaïre,Voltaire (François-Marie Arouet dit ),tragédie,,5,vers,
611,Zarès,Palissot (Charles Palissot de Montenoy dit),tragédie,,5,vers,
612,Zarucma,Cordier (Edmond),tragédie,,5,vers,
613,Zélide,Renout (Jean-Julien-Constantin),comédie,,1,vers libres,
614,Zelmire,Belloy (Pierre-Laurent Buirette de),tragédie,,5,vers,
615,Zénéïde,Cahusac (Louis de),comédie,,1,vers,
616,Zoraï ou les Insulaires de Nouvelle-Zélande,Marignié (Jean-Étienne-François de),tragédie,,5,vers,
617,Zulica,Dorat (Claude-Joseph),tragédie,,5,vers,
618,Zulime,Voltaire (François-Marie Arouet dit ),tragédie,,5,vers,
619,Zuma,Lefèvre (Pierre-François-Alexandre),tragédie,,5,vers,
