id,author,title,genre,acts,prologue,prose_vers,musique_danse_machine,date_de_creation
4832,Billardon de Sauvigny (Edme-Louis),Abdir,drame,4 puis 3,FALSE,vers,FALSE,1/26/1785
4833,Collet de Messine (Jean-Baptiste),Abdolonime ou le Roi berger,comédie héroïque,3,FALSE,vers,FALSE,3/6/1776
5452,"Leblanc (Jean-Bernard, abbé)","Aben-Saïd, empereur des Mogols",tragédie,5,FALSE,vers,FALSE,06 juin 1735
4834,Duché de Vancy (Joseph-François),Absalon,tragédie,5,FALSE,vers,FALSE,4/7/1712
5536,La Grange-Chancel (François-Joseph de),Accommodement imprévu (L'),comédie,1,FALSE,vers,FALSE,12 novembre 1737
5453,Merville (Michel Guyot de),Achille dans l'île de Scyros,comédie héroïque,3,FALSE,vers,FALSE,10 octobre 1737
5748,L'Affichard (Thomas),Acteurs déplacés ou l'Amant comédien (Les),comédie,1,TRUE,prose,TRUE,14 OCTOBRE 1735
4835,Dorat (Claude-Joseph),Adélaïde de Hongrie,tragédie,5,FALSE,vers,FALSE,13 AOUT 1774
4836,Voltaire (François-Marie Arouet dit),Adélaïde du Guesclin,tragédie,5,FALSE,vers,FALSE,18 JANVIER 1734
4837,Dudoyer de Gastels (Gérard),Adélaïde ou l'Antipathie pour l'amour,comédie,2,FALSE,vers décasyllabes,FALSE,10 JUILLET 1780
4838,Dercy (P.),Adèle de Crécy,drame,4,FALSE,vers,FALSE,03 MAI 1793
4839,La Place (Pierre-Antoine de),"Adèle de Ponthieu ou Adèle, comtesse de Ponthieu",tragédie,5,FALSE,vers,FALSE,28 AVRIL 1757
5749,Baron (Michel Boyron dit),Adelphes ou L'École des pères (Les),comédie,5,FALSE,vers,FALSE,03 JANV 1705
5454,La Grange-Chancel (François-Joseph de),"Adherbal, roi de Numidie",tragédie,5,FALSE,vers,FALSE,08 JANV 1694
5235,Patu (Claude-Pierre) ; Portelance (Michel),Adieux du goût (Les),comédie,1,FALSE,vers libres,TRUE,13 FEVRIER 1754
5455,Campistron (Jean Galbert de),Adrien,tragédie,5,FALSE,vers,FALSE,11 JANV 1690
5456,Séguineau (Mr) ; Pralard (René),Aégiste,tragédie,5,FALSE,vers,FALSE,11/18/1721
5457,Campistron (Jean Galbert de),Aétius,tragédie,5,FALSE,vers,FALSE,28 JANV 1693
5458,"Boyer (Claude, abbé) pseud : Pader d'Assézan",Agamemnon ou  La Mort d'Agamemnon,tragédie,5,FALSE,vers,FALSE,
4840,Voltaire (François-Marie Arouet dit),Agathocle,tragédie,5,FALSE,vers,FALSE,31 MAI 1779
5459,"Aubry (Jean-Baptiste Aubry des Carrières, dit)",Agathocle,tragédie,5,FALSE,vers,FALSE,10 MAI 1690
5475,Corneille (Pierre),Agésilas,tragédie,5,FALSE,vers,FALSE,
5750,Dancourt (Florent Carton dit),Agioteurs (Les),comédie,3,FALSE,prose,FALSE,26 SEPT 1710
4841,Laignelot (Joseph François),Agis,tragédie,5,FALSE,vers,FALSE,6 MAI 1782
5460,Riupeirous (Théodore),Agrippa ou la mort d'Auguste,tragédie,5,FALSE,vers,FALSE,19 MARS 1696
4842,Quinault (Philippe),"Agrippa, roi d'Albe ou le Faux Tiberinus",tragi-comédie,5,FALSE,vers,FALSE,
4843,Poinsinet de Sivry (Louis),Ajax,tragédie,5,FALSE,vers,FALSE,30 AOUT 1762
5461,La Chapelle (Jean de),Ajax,tragédie,5,FALSE,vers,FALSE,12/27/1684
4844,Dubuisson (Pierre-Ulric),Albert et Émilie,tragédie,5,FALSE,vers,FALSE,30 AVRIL 1785
4845,Le Blanc de Guillet (Antoine),Albert premier ou Adeline,comédie héroïque,3,FALSE,vers,FALSE,4 FEV 1775
5462,La Grange-Chancel (François-Joseph de),Alceste,tragédie,5,FALSE,vers,FALSE,12/19/1703
5463,Boissy (Louis de),Alceste et Admète,tragédie,5,FALSE,vers,FALSE,25 JANV 1727
5464,Poisson (Philippe),Alcibiade,comédie,3,FALSE,vers,FALSE,23 FEV 1731
5465,Campistron (Jean Galbert de),Alcibiade,tragédie,5,FALSE,vers,FALSE,12/28/1685
4846,Lonvay de La Saussaye (Jean-Baptiste),Alcidonis ou la Journée lacédémonienne,comédie,3,FALSE,prose,TRUE,13 MARS 1773
5466,Racine (Jean),Alexandre le Grand,tragédie,5,FALSE,vers,FALSE,
5038,Cahusac (Louis de),Algérien ou les Muses comédiennes (L'),comédie-ballet,3,TRUE,vers libres,TRUE,
4847,Fallet (Nicolas),Alphée et Zarine,tragédie,5,FALSE,vers,FALSE,19 JUIN 1788
4848,Linant (Nicolas-Michel),Alzaïde,tragédie,5,FALSE,vers,FALSE,13 DECEMBRE 1745
4849,Voltaire (François-Marie Arouet dit),Alzire ou les Américains,tragédie,5,FALSE,vers,FALSE,27 JANV 1736
5467,Quinault (Philippe),Amalasonte,tragédie,5,FALSE,vers,FALSE,voir celui de ximenes sur l'autre liste
4850,Ximénès (Augustin-Louis de),Amalazonte,tragédie,5,FALSE,vers,FALSE,30 MAI 1754
5039,Boutet de Monvel (Jacques-Marie),Amant Bourru (L'),comédie,3,FALSE,vers libres,FALSE,
5537,Boissy (Louis de),Amant de sa femme ou la Rivale d'elle-même (L'),comédie,1,FALSE,prose,FALSE,19 SEPT 1721
5040,La Morlière (jacques Rochette de),Amant déguisé (L'),comédie,2,FALSE,prose,FALSE,
5538,Quinault (Philippe),Amant indiscret ou le Maître étourdi (L'),comédie,5,FALSE,vers,FALSE,
5539,Du Fresny (Charles),Amant masqué (L'),comédie,1,FALSE,prose,TRUE,8 AOUT 1709
5540,Campistron (Jean Galbert de),Amante amant (L'),comédie,5,FALSE,prose,FALSE,2 AOUT 1684
5541,La Valette,Amante en tutelle (L'),comédie,3,TRUE,vers,FALSE,17 AOUT 1735
5751,Aunillon (Pierre-Charles-Fabiot),Amants déguisés (Les),comédie,3,FALSE,prose,FALSE,7 FEV 1728
5236,Beaugeard (Jean-Simon Férréol),Amants espagnols (Les),comédie,5,FALSE,prose,FALSE,
5237,Rochon de Chabannes (Marc-Antoine-Jacques),Amants généreux (Les),comédie,5,FALSE,prose,FALSE,13 OCTOBRE 1774
5752,Molière (Jean-Baptiste Poquelin dit),Amants magnifiques (Les),comédie-ballet,5,TRUE,prose,TRUE,
5089,Arnaud (François-Thomas-Marie de Baculard d'),Amants malheureux ou le Comte de Comminges (Les),drame,3,FALSE,vers,FALSE,
5753,Legrand (Marc-Antoine),Amants ridicules (Les) ou Les Triomphes du temps passé,comédie,1,FALSE,vers,FALSE,1 JUIL 1711
5238,"Saint-Chamond (Claire-Marie Mazarelli, marquise de)",Amants sans le savoir (Les),comédie,3,FALSE,prose,FALSE,
4851,La Grange-Chancel (François-Joseph de),Amasis,tragédie,5,FALSE,vers,FALSE,12/13/1701
5041,Barthe (Nicolas-Thomas),Amateur (L'),comédie,1,FALSE,vers,FALSE,
5239,Du Bocage (Anne-Marie),Amazones (Les),tragédie,5,FALSE,vers,FALSE,JUILLET ET AOÜT 1749
5240,Legrand (Marc-Antoine) ; Fuzelier (Louis),Amazones modernes (Les),comédie,3,FALSE,prose,TRUE,9/22/1904
5042,Destouches,Ambitieux et l'indiscrète (L'),tragi-comédie,5,TRUE,vers,FALSE,
4852,Voltaire (François-Marie Arouet dit),Amélie ou le Duc de Foix ou Le Duc de Foix,tragédie,5,FALSE,vers,FALSE,17 AOUT 1752
4853,Ducis (Jean-François),Amélise,tragédie,5,FALSE,vers,FALSE,9 JANV 1768
4854,Saurin (Bernard-Joseph),Aménophis,tragédie,5,FALSE,vers,FALSE,11/12/1750
4855,Mauger,Amestris,tragédie,5,FALSE,vers,FALSE,3 JUIL 1747
5043,Laya (Jean-Louis),Ami des lois (L'),comédie,5,FALSE,vers,FALSE,
5241,Pieyre (Alexandre),Amis à l'épreuve (Les),comédie,1,FALSE,vers croisés,FALSE,19 JUILLET 1787
5542,Fagan (Barthélemy-Christophe),Amitié rivale (L'),comédie,5,FALSE,vers,FALSE,11/16/1735
5044,Falconnet (Françoise-Cécile),Amour à Tempé (L'),pastorale,2,FALSE,prose,TRUE,
5045,Legrand (Marc-Antoine),Amour diable (L'),comédie,1,FALSE,vers,TRUE,
5046,"Bernis (François-Joachim de Pierres, cardinal de)",Amour et les Fées (L'),comédie,1,FALSE,vers libres,TRUE,
5047,Dufrénoy (Adélaïde-Gillette Billet),Amour exilé des cieux (L'),pièce allégorique,1,FALSE,vers,TRUE,
5048,Rochon de Chabannes (Marc-Antoine-Jacques),Amour français (L'),comédie,1,FALSE,vers,FALSE,
5049,Molière (Jean-Baptiste Poquelin dit),Amour médecin (L') ou Les Médecins,comédie-ballet,3,TRUE,prose,TRUE,
4856,La Chaussée (Pierre-Claude),Amour pour amour,comédie,3,TRUE,vers,TRUE,16 FEV 1742
5468,Poisson (Philippe),Amour secret (L'),comédie,1,FALSE,vers,FALSE,10/5/1740
5050,Destouches,Amour usé (L'),comédie,5,FALSE,prose,FALSE,
5543,La Font (Joseph de),Amour vengé (L'),comédie,1,FALSE,vers,FALSE,10/14/1712
5516,Gilbert (Gabriel),Amours de Diane et d'Endymion (Les) ou Endymion,tragédie,5,TRUE,vers,TRUE,22 JUIL 1681
5754,Donneau de Vizé (Jean),Amours de Vénus et d'Adonis (Les),tragédie,5,TRUE,vers,TRUE,
4857,Molière (Jean-Baptiste Poquelin dit),Amphitryon,comédie,3,TRUE,vers libres,TRUE,
5755,Fuzelier (Louis),Amusements de l'automne ou les Temples d'Éphèse et de Gnide (Les),comédie,4,TRUE,prose,TRUE,10/17/1725
5051,Baron,Andrienne (L'),comédie,5,FALSE,vers,FALSE,
4858,Racine (Jean),Andromaque,tragédie,5,FALSE,vers,FALSE,
5469,Corneille (Pierre),Andromède,tragédie,5,TRUE,vers,TRUE,
4859,Campistron (Jean Galbert de),Andronic,tragédie,5,FALSE,vers,FALSE,8 FEV 1685
5470,Dancourt (Florent Carton dit),Angélique et Médor,comédie,1,FALSE,prose,TRUE,1 AOUT 1685
5052,Favart (Charles-Simon),Anglais à Bordeaux (L'),comédie,1,FALSE,vers libres,FALSE,
5053,Saurin (Bernard-Joseph),Anglomanie ou l'Orpheline léguée (L') ou L'Anglomane ou l'Orpheline léguée,comédie,1,FALSE,vers libres,FALSE,
4860,Marivaux (Pierre de),Annibal,tragédie,5,FALSE,vers,FALSE,12/16/1720
5471,Riupeirous (Théodore),Annibal,tragédie,5,FALSE,vers,FALSE,11/5/1688
5472,"Boyer (Claude, abbé) pseud : Pader d'Assézan",Antigone,tragédie,5,FALSE,vers,FALSE,14 MARS 1686
4861,Doigny du Ponceau,Antigone ou la Piété fraternelle,tragédie,5,FALSE,vers,FALSE,31 JUIL 1787
5473,Deschamps (François-Michel-Chrétien),Antiochus et Cléopâtre,tragédie,5,FALSE,vers,FALSE,10/29/1717
5474,"Nadal (Augustin, abbé)",Antiochus ou Les Macchabées,tragédie,5,FALSE,vers,FALSE,12/16/1722
4862,Portelance (Michel),Antipater,tragédie,5,FALSE,vers,FALSE,11/25/1751
4873,Boistel d'Welles (Jean-Baptiste-Robert ou Robert),Antoine et Cléopâtre,tragédie,5,FALSE,vers,FALSE,11/6/1741
4863,Voiron,Apelle et Campaspe,drame héroïque,1,FALSE,vers,TRUE,10/16/1786
4864,Baragué,Aphos,comédie,1,FALSE,vers libres,TRUE,9/13/1747
5055,Lesur (Charles-Louis),Apothéose de Beaurepaire (L'),pièce,1,FALSE,vers,FALSE,
5544,Poisson (Raymond),Après-souper des auberges (L'),comédie,1,FALSE,vers,TRUE,
4865,Corneille (Thomas),Ariane,tragédie,5,FALSE,vers,FALSE,
5476,Saint-Gilles Lenfant (de),Ariarathe,tragédie,5,FALSE,vers,FALSE,10/30/1699
5477,"Abeille (Gaspard, abbé)",Aristobule,tragédie,5,FALSE,vers,FALSE,11/30/1685
4866,Marmontel (Jean-François),Aristomène,tragédie,5,FALSE,vers,FALSE,30 AVRIL 1749
5478,Campistron (Jean Galbert de),Arminius,tragédie,5,FALSE,vers,FALSE,19 FEV 1684
5479,Barbier (Marie-Anne),Arrie et Pétus,tragédie,5,FALSE,vers,FALSE,3 JUIN1702
5242,Peyraud de Beaussol,Arsacides (Les),tragédie,6,FALSE,vers,FALSE,26 JUILLET 1775
5480,Pellegrin (Simon-Joseph),Artaxare,tragédie,5,FALSE,vers,FALSE,3 MAI 1718
4867,Le Mierre (Antoine-Marin),Artaxerce,tragédie,5,FALSE,vers,FALSE,20 AOUT 1766
5481,"Boyer (Claude, abbé)",Artaxerce,tragédie,5,FALSE,vers,FALSE,11/22/1682
5482,Deschamps (François-Michel-Chrétien),Artaxerce,tragédie,5,FALSE,vers,FALSE,12/19/1735
5483,"Voltaire (François-Marie Arouet, dit)",Artémire,tragédie,5,FALSE,vers,FALSE,15 FEV 1720
5484,Fontenelle (Bernard le Bouyier de),Aspar,tragédie,5,FALSE,vers,FALSE,12/27/1680
5545,Procope-Couteaux (Michel),Assemblée des comédiens (L'),prologue,1,TRUE,,FALSE,22 SEPT 1724
4868,Colardeau (Charles-Pierre),Astarbé,tragédie,5,FALSE,vers,FALSE,27 FEV 1758
4869,Quinault (Philippe),"Astrate, roi de Tyr",tragédie,5,FALSE,vers,FALSE,
4870,Châteaubrun (Jean-Baptiste Vivien de),Astyanax,tragédie,5,FALSE,vers,FALSE,5 JANV 1756
4871,Richerolle d'Avallon,Astyanax,tragédie,5,FALSE,vers,FALSE,7 FEV 1789
4872,Racine (Jean),Athalie,tragédie,5,FALSE,vers,FALSE,
5485,La Grange-Chancel (François-Joseph de),Athénaïs,tragédie,5,FALSE,vers,FALSE,11/20/1699
4874,Crébillon (Prosper Jolyot de),Atrée et Thyeste,tragédie,5,FALSE,vers,FALSE,14 MARS 1707
4875,Du Fresny (Charles),Attendez-moi sous l’orme,comédie,1,FALSE,prose,TRUE,19 MAI 1694
5486,Corneille (Pierre),"Attila, roi des Huns",tragédie,5,FALSE,vers,FALSE,
4876,Fabre d'Églantine (Philippe-François-Nazaire),Augusta,tragédie,5,FALSE,vers,FALSE,10/8/1787
4877,Manteufel (Ernest de),Auguste et Théodore ou les Deux pages,comédie,2,FALSE,prose,FALSE,6 MARS 1789
5059,Molière (Jean-Baptiste Poquelin dit),Avare (L'),comédie,5,FALSE,prose,FALSE,
5060,Aigueberre (Jean Dumas d'),Avare amoureux (L'),comédie,1,FALSE,prose,FALSE,
5061,Brousse-Desfaucherets (Jean-Louis),Avare cru bienfaisant (L'),comédie,5,FALSE,vers,FALSE,
5546,Donneau de Vizé (Jean),Aventurière (L'),comédie,5,FALSE,vers,FALSE,2 JANV 1696
5062,Legrand (Marc-Antoine),Aveugle clairvoyant (L'),comédie,1,FALSE,vers,FALSE,
5063,Fournelle (Jean-Nicolas),Aveugle par crédulité (L'),comédie,1,FALSE,prose,FALSE,
5243,Vigée (Louis-Jean-Baptiste-Étienne),Aveux difficiles (Les),comédie,1,FALSE,vers,FALSE,24 FEVRIER 1783
5064,Brueys (David-Augustin de),Avocat Patelin (L'),comédie,3,FALSE,prose,FALSE,
5547,"Rosimond (Claude Rose, sieur de)",Avocat sans étude (L'),comédie,1,FALSE,vers,FALSE,
4878,Chénier (Marie-Joseph de),Azémire,tragédie,5,FALSE,vers,FALSE,11/6/1786
5065,Boissy (Louis de),Babillard (Le),comédie,1,FALSE,vers,FALSE,
5654,Anonyme,Badaud (Le),comédie,1,FALSE,prose,FALSE,10 MAI 1687
5655,Boissy (Louis de),Badinage (Le),comédie,1,FALSE,vers,FALSE,11/23/1733
5581,Dancourt (Florent Carton dit),Baguette (La),comédie,1,FALSE,prose,TRUE,
5656,Du Fresny (Charles),Bailli marquis (Le),comédie,1,FALSE,prose,TRUE,
4879,Racine (Jean),Bajazet,tragédie,5,FALSE,vers,FALSE,
5487,Pacarony (chevalier de),Bajazet premier,tragédie,5,FALSE,vers,FALSE,
5657,Boindin (Nicolas),Bal d'Auteuil (Le),comédie,3,TRUE,prose,TRUE,
5658,"Palaprat (Jean de, sieur de Bigot)",Ballet extravagant (Le),comédie,1,FALSE,prose,TRUE,
5066,Beaumarchais (Pierre-Augustin Caron de),Barbier de Séville ou la Précaution inutile (Le),comédie,4,FALSE,prose,FALSE,
5244,La Harpe (Jean François de),Barmécides (Les),tragédie,5,FALSE,vers,FALSE,
4880,Le Mierre (Antoine-Marin),Barnevelt,tragédie,5,FALSE,vers,FALSE,11 JUILLET 1778
5067,Corneille (Thomas),Baron d'Albikrac (Le),comédie,5,FALSE,vers,FALSE,30 JUIN 1790
5068,Poisson (Raymond),Baron de la Crasse (Le),comédie,1,FALSE,vers,TRUE,
5659,Corneille (Thomas),Baron des Fondrières (Le),comédie,5,FALSE,vers,FALSE,
5488,Gaultier,Basile et Quitterie,tragi-comédie,3,TRUE,vers,TRUE,
5582,Dancourt (Florent Carton dit),Belle-mère (La),comédie,5,FALSE,vers,FALSE,
4962,Vigée (Louis-Jean-Baptiste-Étienne),Belle-mère ou les Dangers d'un second mariage (La),comédie,5,FALSE,vers,FALSE,
5489,Quinault (Philippe),Bellérophon,tragédie,5,FALSE,vers,FALSE,24 JUIL 1788
4881,Racine (Jean),Bérénice,tragédie,5,FALSE,vers,FALSE,
4963,Desfontaines (François-Georges),Bergère des Alpes (La),comédie,1,FALSE,vers libre,FALSE,
4882,Saurin (Bernard-Joseph),Beverlei,tragédie bourgeoise,5,FALSE,vers libres,FALSE,12/15/1765
4964,Villemain d'Abancourt (François-Jean),Bienfaisance de Voltaire (La),pièces dramatique,1,FALSE,vers,FALSE,7 MAI 1768
5069,Pilhes (Joseph),Bienfait anonyme (Le),comédie,3,FALSE,prose,FALSE,30 MAI 1791
5070,Dampierre de la Salle,Bienfait rendu ou le Négociant (Le),comédie,5,FALSE,vers,FALSE,
4883,Saurin (Bernard-Joseph),Blanche et Guiscard,tragédie,5,FALSE,vers,FALSE,
5583,Poisson (Philippe),Boîte de Pandore (La),comédie,1,FALSE,prose,FALSE,26 SEPT 1763
5071,Legrand (Marc-Antoine),Bon ami (Le),comédie,1,FALSE,prose,FALSE,
5072,Montfleury (Antoine Jacob dit),Bon soldat (Le),comédie,1,FALSE,vers,TRUE,
5660,Regnard (Jean-François),Bourgeois de Falaise (Le),comédie,1,FALSE,vers,TRUE,
5073,Molière (Jean-Baptiste Poquelin dit),Bourgeois gentilhomme (Le),comédie-ballet,5,FALSE,prose,TRUE,
5245,Dancourt (Florent Carton dit),Bourgeoises à la mode (Les),comédie,5,FALSE,prose,FALSE,
5756,"Hauteroche (Noël Lebreton, sieur de)",Bourgeoises de qualité (Les),comédie,5,FALSE,vers,FALSE,15 NOVEMBRE 1692
5661,Anonyme,Bourget (Le),comédie,1,FALSE,prose,TRUE,
5074,Goldoni (Carlo),Bourru bienfaisant (Le),comédie,3,FALSE,prose,FALSE,
5757,"Saint-Glas (Pierre de, abbé de Saint-Ussans)",Bouts-rimés (Les),comédie,1,FALSE,prose,FALSE,
5490,Corneille (Thomas),Bradamante,tragédie,5,FALSE,vers,FALSE,
5246,La Harpe (Jean François de),Brames (Les),tragédie,5,FALSE,vers,FALSE,
4884,Poinsinet de Sivry (Louis),Briséis ou la colère d'Achille,tragédie,5,FALSE,vers,FALSE,15 DECEMBRE 1783
4885,Racine (Jean),Britannicus,tragédie,5,FALSE,vers,FALSE,25 JUIN 1759
5662,Anonyme,Brutal de sang froid / sens froid  (Le),comédie,1,FALSE,prose,FALSE,
4886,Voltaire (François-Marie Arouet dit),Brutus,tragédie,5,FALSE,vers,FALSE,
5491,Bernard (Catherine),Brutus,tragédie,5,FALSE,vers,FALSE,12/11/1730
5663,Anonyme,Cadet de Gascogne (Le),comédie,5,FALSE,,FALSE,
5664,Anonyme,Cadet de Gascogne (Le),comédie,1,FALSE,,FALSE,
5665,Rousseau (Jean-Baptiste),Café (Le),comédie,1,FALSE,prose,FALSE,
5075,Voltaire (François-Marie Arouet dit),Café ou l'Écossaise (Le) ou L'Écossaire ou le Café,comédie,5,FALSE,prose,FALSE,
4887,Gudin de La Brenellerie (Paul-Philippe),Caïus Marcius Coriolan ou le Danger d'offenser un grand homme,tragédie,4,FALSE,vers,FALSE,
4889,Colardeau (Charles-Pierre),Caliste,tragédie,5,FALSE,vers,FALSE,14 AOUT 1776
1146,"Mauprie (Olivier Hubert Angélique Gourjaut de Mauprie, marquis de)",Caliste ou la Belle pénitente,tragédie,5,FALSE,vers,FALSE,11/12/1760
5492,Piron (Alexis),Callisthène,tragédie,5,FALSE,vers,FALSE,27 AVR 1750
5493,Corneille (Thomas),"Camma, reine de Galatie",tragédie,5,FALSE,vers,FALSE,
5666,Grandval (Nicolas Racot de),Camp de Porché-Fontaine (Le),comédie,1,FALSE,prose,TRUE,
5667,Gillet de La Tessonerie,Campagnard (Le),comédie,5,FALSE,vers,FALSE,
5642,Le Mascrier (Jean-Baptiste),Caprice et la Ressource (Le),prologue,1,FALSE,vers,FALSE,
5076,Renout (Jean-Julien-Constantin),Caprice ou l'Épreuve dangereuse (Le),comédie,3,FALSE,prose,FALSE,
5668,Rousseau (Jean-Baptiste),Capricieux ou les Apparences trompeuses (Le),comédie,5,FALSE,vers,FALSE,
5758,Roy (Pierre-Charles) ; La Font (Joseph de),Captifs (Les),comédie,3,TRUE,vers,TRUE,
5759,Fagan (Barthélemy-Christophe),Caractères de Thalie (Les),comédie,3,TRUE,prose / vers,TRUE,
5669,Dancourt (Florent Carton dit),Carnaval de Venise (Le),comédie héroïque,5,FALSE,,FALSE,
5494,Legrand (Marc-Antoine),Cartouche ou les Voleurs,comédie,3,FALSE,prose,TRUE,9 AOUT 1680
5584,"Brécourt (Guillaume Marcoureau, sieur de Brécourt, dit)",Cassette (La),comédie,5,FALSE,vers,TRUE,
5495,La Grange-Chancel (François-Joseph de),Cassius et Victorinus martyrs,tragédie,5,FALSE,vers,FALSE,
4890,Crébillon (Prosper Jolyot de),Catilina,tragédie,5,FALSE,vers,FALSE,
5696,Deschamps (François-Michel-Chrétien),Caton d'Utique,tragédie,5,FALSE,vers,FALSE,12/20/1748
4965,Dancourt (Florent Carton dit),Cavalcade (La),divertissement,,FALSE,,TRUE,
5077,Dorat (Claude-Joseph),Célibataire (Le),comédie,5,FALSE,vers libres,FALSE,
4891,Graffigny (Françoise de),Cénie,drame,5,FALSE,prose,FALSE,
5078,Artaud (Jean-Baptiste),Centenaire de Molière (Le),comédie,1,FALSE,vers et prose,TRUE,25 JUIN 1750
5497,Dancourt (Florent Carton dit),Céphale et Procris,comédie,3,TRUE,vers,TRUE,
4892,Le Mierre (Antoine-Marin),Céramis,tragédie,5,FALSE,vers,FALSE,
5079,Poinsinet (Antoine-Alexandre-Henri),Cercle ou la Soirée à la mode (Le),comédie épisodique,1,FALSE,prose,FALSE,12/29/1785
5080,Dancourt (Florent Carton dit),Charivari (Le),comédie,1,FALSE,prose,TRUE,
4893,Chénier (Marie-Joseph de),Charles IX ou l'École des rois,tragédie,5,FALSE,vers,FALSE,
5761,Montauban (Jacques Pousset de),"Charmes de Félicie, tirés de la Diane de Montemayor (Les)",pastorale,5,FALSE,vers,TRUE,11/4/1789
5585,Legrand (Marc-Antoine),Chasse du cerf (La),comédie-ballet,3,TRUE,prose,TRUE,
5586,Anonyme,Chasse ridicule (La),comédie,1,FALSE,prose,FALSE,
5248,Collin d'Harleville (Jean-François),Châteaux en Espagne (Les),comédie,5,FALSE,vers,FALSE,
5249,Bauvin (Jean-Grégoire),Chérusques (Les),tragédie,5,FALSE,vers,FALSE,20 FEVRIER 1789
5671,Autreau (Jacques),Chevalier Bayard (Le),comédie héroïque,5,FALSE,vers,FALSE,
5082,Dorat (Claude-Joseph),Chevalier français à Londres (Le),comédie,3,FALSE,vers,FALSE,
5083,Dorat (Claude-Joseph),Chevalier français à Turin (Le),comédie,3,FALSE,vers,FALSE,
5672,Du Fresny (Charles),Chevalier joueur (Le),comédie,5,FALSE,prose,FALSE,
5084,Boutet de Monvel (Jacques-Marie),Chevalier sans peur et sans reproche ou les Amours de Bayard (Le),comédie héroïque,4,FALSE,prose,FALSE,
5498,Morand (Pierre de),Childéric,tragédie,5,FALSE,vers,FALSE,
5085,Simon-Chauvot,Chirurgien de village (Le),comédie,1,FALSE,prose,FALSE,
5086,Corneille (Pierre),Cid (Le),tragi-comédie / tragédie,5,FALSE,vers,FALSE,
4894,Corneille (Pierre),Cinna ou la Clémence d'Auguste,tragédie,5,FALSE,vers,FALSE,
5499,Gomez (Madeleine-Angélique de),"Cléarque, tyran d'Héraclée",tragédie,5,FALSE,vers,FALSE,
4895,Boutet de Monvel (Jacques-Marie),Clémentine et Desormes,drame,5,FALSE,prose,FALSE,
4896,Marmontel (Jean-François),Cléopâtre,tragédie,5,FALSE,vers,FALSE,12/14/1780
5500,La Chapelle (Jean de),Cléopâtre,tragédie,5,FALSE,vers,FALSE,20 MAI 1750
4897,Dancourt (Florent Carton dit),Colin-Maillard,comédie,1,FALSE,prose,TRUE,
4966,Saint-Foix (Germain-François Poullain de),Colonie (La),comédie,3,TRUE,prose,FALSE,10/28/1701
5587,Dancourt (Florent Carton dit),Comédie des comédiens ou l'Amour charlatan (La),comédie,3,FALSE,prose,TRUE,10/25/1749
5674,"Montfleury (Antoine Jacob, dit)",Comédien poète (Le),comédie,5,FALSE,vers,TRUE,
5588,Fontenelle (Bernard le Bouyier de),Comète (La),comédie,1,FALSE,prose,TRUE,
5088,"Pont-de-Veyle (Antoine de Fériol, comte de)",Complaisant (Le),comédie,5,FALSE,prose,TRUE,
5092,Corneille (Thomas),Comte d'Essex (Le),tragédie,5,FALSE,vers,FALSE,
5090,La Harpe (Jean François de),Comte de Warwick (Le),tragédie,5,FALSE,vers,FALSE,
5091,Cahusac (Louis de),Comte de Warwick (Le),tragédie,5,FALSE,vers,FALSE,
4968,Molière (Jean-Baptiste Poquelin dit),Comtesse d'Escarbagnas (La),comédie,1,FALSE,prose,TRUE,
4967,"Montesson (Charlotte-Jeanne Béraud de La Haie de Riou, comtesse de)",Comtesse de Chazelle (La),comédie,5,FALSE,vers,FALSE,
5590,"Carcavy (Charles-Alexandre, abbé)",Comtesse de Follenville (La),comédie,1,FALSE,prose,FALSE,6 MAI 1785
5093,Bret (Antoine),Concert (Le),comédie,1,FALSE,prose,TRUE,
5094,Palaprat (Jean de),Concert ridicule (Le),comédie,1,FALSE,prose,TRUE,
5095,Demoustier (Charles-Albert),Conciliateur ou l'Homme aimable (Le),comédie,5,FALSE,vers,FALSE,
5250,Simon (Claude-François),Confidences réciproques (Les),comédie,1,FALSE,vers libres,FALSE,
5096,Guyot de Merville (Michel),Consentement forcé (Le),comédie,1,FALSE,prose,TRUE,3 AOUT 1747
5097,Picard (Louis-Benoît),Conteur ou les Deux postes (Le),comédie,3,FALSE,prose,FALSE,
4970,"La Noue (Jean-Baptiste Simon Sauvé de La Noue, dit)",Coquette corrigée (La),comédie,5,FALSE,vers,FALSE,
4971,Du Fresny (Charles),Coquette de village ou le lot supposé (La),comédie,3,FALSE,vers,FALSE,
4972,Baron,Coquette et la fausse prude (La),comédie,5,FALSE,prose,FALSE,
5251,Lantier (Étienne François de),Coquettes rivales (Les),comédie,5,FALSE,vers,FALSE,
5501,La Fosse (Antoine de),Corésus et Callirhoé,tragédie,5,FALSE,vers,FALSE,6 FEVRIER 1786
4898,La Harpe (Jean François de),Coriolan,tragédie,5,FALSE,vers,FALSE,
4899,Mauger,Coriolan,tragédie,5,FALSE,vers,FALSE,2 MARS 1784
5502,"Abeille (Gaspard, abbé)",Coriolan,tragédie,5,FALSE,vers,FALSE,10 JANV 1748
5503,Chaligny des Plaines (François de),Coriolan,tragédie,5,FALSE,vers,FALSE,
4900,Riouffé (Honoré),Corneille aux Champs-Élysées,comédie,1,FALSE,vers libres,FALSE,
5504,Barbier (Marie-Anne),Cornélie mère des Gracques,tragédie,5,FALSE,vers,FALSE,10/4/1784
5505,Hénault (Charles-Jean-François),Cornélie vestale,tragédie,5,FALSE,vers,FALSE,
4901,Lefèvre (Pierre-François-Alexandre),Cosroès,tragédie,5,FALSE,vers,FALSE,
4902,Mauger,Cosroès,tragédie,5,FALSE,vers,FALSE,26 AOUT 1767
5506,Rotrou (Jean de) ; Ussé (Louis II Bernin de Valentinay d'),Cosroès,tragédie,5,FALSE,vers,FALSE,20 AVR 1752
4973,"La Fontaine (Jean de) ; Champmeslé (Charles Chevillet, sieur de Champmeslé, dit)",Coupe enchantée (La),comédie,1,FALSE,prose,FALSE,
5252,Quinault (Philippe),Coups de l'amour et de la fortune (Les),tragi-comédie,5,FALSE,vers,FALSE,
5762,Piron (Alexis),Courses de Tempé (Les),pastorale,1,FALSE,vers,TRUE,
5223,Palissot de Montenoy (Charles),Courtisanes ou l'Écueil des mœurs (Les),comédie,3,FALSE,vers,FALSE,
5098,Laujon (Pierre),Couvent ou les Fruits du caractère et de l'éducation (Le),comédie,1,FALSE,prose,FALSE,
4974,La Morlière (Jacques Rochette de),Créole (La),comédie,1,FALSE,prose,TRUE,
4903,"La Tuillerie (Jean-François Juvenon, sieur de La Tuillerie, dit)",Crispin bel esprit,comédie,1,FALSE,vers,FALSE,
4904,"Hauteroche (Noël Lebreton, sieur de)",Crispin médecin,comédie,3,FALSE,vers,FALSE,11 JUIL 1681
5507,"Hauteroche (Noël Lebreton, sieur de)",Crispin musicien,comédie,5,FALSE,vers,TRUE,
4906,"La Tuillerie (Jean-François Juvenon, sieur de La Tuillerie, dit)",Crispin précepteur,comédie,1,FALSE,vers,FALSE,
4907,Lesage (Alain-René),Crispin rival de son maître,comédie,1,FALSE,prose,FALSE,
5591,Molière (Jean-Baptiste Poquelin dit),Critique de l'École des femmes (La),comédie,1,FALSE,prose,FALSE,15 MARS 1707
5592,"La Chaussée (Pierre-Claude Nivelle de La Chaussée, dit Pierre-Claude)",Critique de la Fausse antipathie (La),comédie,1,FALSE,prose/vers,FALSE,
5593,Regnard (Jean-François),Critique du Légataire universel (La),comédie,1,FALSE,prose,FALSE,
4908,Maillet-Duclairon (Antoine),Cromwel,tragédie,5,FALSE,vers,FALSE,
5253,Dancourt (Florent Carton dit),Curieux de Compiègne (Les) ou Les Camps de Compiègne,comédie,1,FALSE,prose,TRUE,7 JUIN 1764
5099,Destouches,Curieux impertinent (Le),comédie,5,FALSE,vers,FALSE,4 octobre 1698
5508,Danchet (Antoine),Cyrus,tragédie,5,FALSE,vers,FALSE,
5594,Dancourt (Florent Carton dit),Dame à la mode ou la Suite de la coquette (La),comédie,5,FALSE,vers,FALSE,
5763,Corneille (Thomas) ; Donneau de Vizé (Jean),Dames vengées ou la Dupe de soi-même (Les),comédie,5,FALSE,prose,FALSE,
5509,La Font (Joseph de),Danaé ou Jupiter Crispin,comédie,1,TRUE,vers,FALSE,
5254,Laya (Jean-Louis),Dangers de l'opinion (Les),drame,5,FALSE,vers,FALSE,
5675,Baron (Michel Boyron dit),Débauché (Le),comédie,1,FALSE,vers,FALSE,19 JANVIER 1790
5100,Du Fresny (Charles),Dédit (Le),comédie,1,FALSE,vers,FALSE,
5676,Anonyme,Dédit (Le),comédie,5,FALSE,vers,FALSE,
5255,Boissy (Louis de),Dehors trompeurs ou l'Homme du jour (Les),comédie,5,FALSE,vers,FALSE,
5101,Montanclos (Marie-Émilie de),Déjeuner interrompu (Le),comédie,2,FALSE,prose,FALSE,18 FEVRIER 1740
5510,"Aubry (Jean-Baptiste Aubry des Carrières, dit )",Démétrius,tragédie,5,FALSE,vers,FALSE,
4910,Marmontel (Jean-François),Denis le tyran,tragédie,5,FALSE,vers,FALSE,12 JANV 1700
5102,Marivaux (Pierre de),Dénouement imprévu (Le),comédie,1,FALSE,prose,TRUE,5 FEV 1748
5103,Molière (Jean-Baptiste Poquelin dit),Dépit amoureux (Le),comédie,5,FALSE,vers,FALSE,
5677,Subligny (Adrien-Thomas Perdou de),Désespoir extravagant (Le),comédie,,FALSE,,FALSE,
5595,Dancourt (Florent Carton dit),Désolation des joueuses (La),comédie,1,FALSE,prose,FALSE,
4911,Saint-Foix (Germain-François Poullain de),Deucalion et Pirrha,comédie,1,TRUE,prose,TRUE,
5104,"Hauteroche (Noël Lebreton, sieur de)",Deuil (Le),comédie,1,FALSE,vers,TRUE,20 FEV 1741
5256,Dancourt (Louis Hurtaut),Deux amis (Les),comédie bouffonne,3,FALSE,prose,FALSE,
5257,Beaumarchais (Pierre-Augustin Caron de),Deux amis ou le Négociant de Lyon (Les),drame,5,FALSE,prose,FALSE,9 AOUT 1762
5258,Dubois de Rochefort (Guillaume),Deux frères (Les),comédie,5,FALSE,vers,FALSE,13 JANVIER 1770
5259,Moissy (Alexandre-Guillaume de),Deux frères ou la Prévention vaincue (Les),comédie,5,FALSE,vers,FALSE,12 AVRIL 1785
5260,Boissy (Louis de),Deux nièces (Les),comédie,5,FALSE,vers,FALSE,27 JUILLET 1768
5261,Bret (Antoine),Deux sœurs (Les),comédie,2,FALSE,prose,FALSE,17 JANVIER 1737
5596,Corneille (Thomas) ; Donneau de Vizé (Jean),Devineresse ou les Faux enchantements  (La),comédie,5,FALSE,prose,TRUE,20 NOVEMBRE 1767
5678,Dancourt (Florent Carton dit),Diable boiteux (Le),comédie,1,TRUE,prose,TRUE,
4912,Le Franc de Pompignan (Jean-Jacques),Didon,tragédie,5,FALSE,vers,FALSE,
5626,Dancourt (Florent Carton dit),Dieux comédiens ou la Métempsycose des amours (Les),comédie,3,TRUE,vers,TRUE,21 JUIN 1734
4975,Moline (Pierre-Louis),Discipline militaire du Nord (La),drame,5,FALSE,prose,FALSE,
4976,Marivaux (Pierre de),Dispute (La),comédie,1,FALSE,prose,FALSE,
5105,Destouches,Dissipateur ou l'Honnête friponne (Le),comédie,5,FALSE,vers,FALSE,
5106,Regnard (Jean-François),Distrait (Le),comédie,5,FALSE,vers,FALSE,
5679,Champmeslé (Charles Chevillet dit),Divorce (Le),comédie,5,FALSE,vers,TRUE,
5680,Pellegrin (Simon-Joseph),Divorce de l'amour et de la raison ou le Vieux monde (Le),comédie,3,TRUE,vers,TRUE,
5681,Avisse (Étienne-François),Divorce ou les Époux mécontents (Le),comédie,3,TRUE,vers,TRUE,
5682,Beauregard,Docteur extravagant (Le),comédie,5,FALSE,vers,FALSE,
4915,Montfleury (Antoine Jacob dit),Dom Pasquin d'Avalos,intermède,1,FALSE,vers,FALSE,
5511,Corneille (Thomas),Don Bertrand de Cigarral,comédie,5,FALSE,vers,TRUE,3 MAI 1688
5512,Lesage (Alain-René),Don César Ursin,comédie,5,FALSE,prose,FALSE,
4914,Scarron (Paul),Don Japhet d'Arménie,comédie,5,FALSE,vers,TRUE,
5513,La Chazette (de),Don Ramire et Zaïde,tragédie,5,FALSE,vers,FALSE,
4916,Corneille (Pierre),Don Sanche d'Aragon,comédie héroïque,5,FALSE,vers,FALSE,
4977,Bret (Antoine),Double extravagance (La),comédie,3,FALSE,vers,FALSE,
5107,Du Fresny (Charles),Double veuvage (Le),comédie,3,TRUE,prose,TRUE,
5597,Desmarres,Dragonne ou Merlin dragon (La),comédie,1,FALSE,prose,TRUE,
5108,Voltaire (François-Marie Arouet dit),Droit du seigneur (Le) ou L'Écueil du sage,comédie,3 ou 5,FALSE,vers,FALSE,
5262,Le Blanc de Guillet (Antoine),Druides (Les),tragédie,5,FALSE,vers,FALSE,
5109,Boissy (Louis de),Duc de Surrey (Le) ou Le Comte de Neuilly,pièce héroïque,5,FALSE,vers,TRUE,7 MARS 1772
5598,"Rosimond (Claude Rose, sieur de)",Dupe amoureuse (La),comédie,1,FALSE,vers,FALSE,
4918,Collé (Charles),Dupuis et Desronais - Dupuis et des Renais - Dupuis et des Ronais,comédie,3,FALSE,vers libres,FALSE,
5764,Dancourt (Florent Carton dit),Eaux de Bourbon (Les),comédie,1,FALSE,prose,TRUE,17 JANV 1763
5548,Dancourt (Florent Carton dit),Éclipse (L'),comédie,1,FALSE,prose,TRUE,
5213,Bret (Antoine),École amoureuse (L'),comédie,1,FALSE,vers libres,FALSE,
5549,Pellegrin (Simon-Joseph),École de l'hymen (L'),comédie,3,TRUE,prose/vers,TRUE,11 SEPTEMBRE 1747
5214,La Chaussée (Pierre-Claude),École de la jeunesse ou le Retour sur soi-même (L'),comédie,5,FALSE,vers,FALSE,
5550,Jolly (François Antoine),École des amants (L'),comédie,3,FALSE,vers,FALSE,22 FEVRIER 1749
5215,La Chaussée (Pierre-Claude),École des amis (L'),comédie,5,FALSE,vers,FALSE,
5216,Allainval (Léonor-Jean-Christine Soulas d'),École des bourgeois (L'),comédie,3,TRUE,prose,FALSE,
5217,Molière (Jean-Baptiste Poquelin dit),École des femmes (L'),comédie,5,FALSE,prose,FALSE,
5551,Montfleury,École des jaloux ou le Cocu volontaire (L') ou La Fausse Turquie ou l'École des jaloux,comédie,3,FALSE,vers,FALSE,
5218,Molière (Jean-Baptiste Poquelin dit),École des maris (L'),comédie,3,FALSE,prose,FALSE,
5219,La Chaussée (Pierre-Claude),École des mères (L'),comédie,5,FALSE,vers,FALSE,
5220,Fenouillot de Falbaire de Quingey (Charles-Georges),École des moeurs ou les Suites du libertinage (L'),drame,5,FALSE,vers,FALSE,
5222,Pieyre (Alexandre),École des pères (L'),comédie,5,FALSE,vers,FALSE,
5221,Piron (Alexis),École des pères ou les Fils ingrats (L'),comédie,5,FALSE,vers,FALSE,
5552,Voisenon (Claude-Henri de Fusée de),École du monde (L'),dialogue,1,TRUE,vers,FALSE,10 OCTOBRE 1728
5553,Scarron (Paul),Écolier de Salamanque ou les Généreux ennemis (L'),"tragi-comédie",5,FALSE,vers,FALSE,
5224,Voltaire (François-Marie Arouet dit),Écueil du sage (L'),comédie,5,FALSE,vers,FALSE,
4919,Chénier (Marie-Joseph de),Edgar ou le Page supposé,comédie,2,FALSE,vers,FALSE,
5514,Gresset (Jean-Baptiste-Louis),Édouard III,tragédie,5,FALSE,vers,FALSE,11/14/1785
5554,Anonyme,Effet de la prévention (L'),comédie,1,FALSE,prose,TRUE,
5263,"Du Roullet (François-Louis Gand Le Bland, bailli)",Effets du caractère (Les),comédie,5,FALSE,vers,FALSE,
4920,Saint-Foix (Germain-François Poullain de),Égérie,comédie,1,FALSE,prose,TRUE,3 février 1752
5225,Cailhava de L'Estandoux (Jean-François),Égoïsme (L'),comédie,5,FALSE,vers,FALSE,9 SEPT 1747
4921,Marmontel (Jean-François),Égyptus,tragédie,5,FALSE,vers,FALSE,19 JUIN 1777
4922,Crébillon (Prosper Jolyot de),Électre,tragédie,5,FALSE,vers,FALSE,5 FEV 1753
5515,Longepierre (Hilaire-Bernard de),Électre,tragédie,5,FALSE,vers,FALSE,12/14/1708
5765,Brueys (David-Augustin de) ; Palaprat (Jean de),Empiriques (Les),comédie,3,FALSE,prose,FALSE,
5555,Anonyme,Enfant gâté (L'),comédie,1,FALSE,prose,FALSE,
5226,Voltaire (François-Marie Arouet dit),Enfant prodigue ou L'École de la jeunesse (L'),comédie,5,FALSE,vers,FALSE,
5599,Dancourt (Florent Carton dit),Enfants de Paris (Les) ou La Famille à la mode (La) ou Finette,comédie,5,FALSE,vers,FALSE,10 OCTOBRE 1736
5264,Devaux (François-Antoine),Engagements indiscrets (Les),comédie,1,FALSE,prose,FALSE,
5766,Baron (Michel Boyron dit),Enlèvements (Les),comédie,1,FALSE,prose,FALSE,26 octobre 1752
5556,Anonyme,Entêté (L'),comédie,1,FALSE,prose,FALSE,
5557,Anonyme,Entêtement ridicule (L'),comédie,1,FALSE,vers,FALSE,
5227,Vigée (Louis-Jean-Baptiste-Étienne),Entrevue (L'),comédie,1,FALSE,vers,FALSE,
5558,Destouches,Envieux ou la Critique du Philosophe marié (L'),comédie,1,FALSE,prose,FALSE,6 DECEMBRE 1788
4923,Ximénès (Augustin-Louis de),Épicaris ou la Mort de Néron,tragédie,5,FALSE,vers,FALSE,
4924,Chabanon (Michel Paul Guy de),Éponine,tragédie,5,FALSE,vers,FALSE,2 JANV 1753
5228,La Place (Pierre-Antoine de),Épouse à la mode (L'),comédie,3,FALSE,vers,FALSE,12/6/1762
5229,Boissy (Louis de),Époux par supercherie (L'),comédie,2,FALSE,vers,FALSE,25 OCTOBRE 1760
5767,Guyot de Merville (Michel),Époux réunis ou la Veuve fille et femme (Les),comédie,5,FALSE,vers,FALSE,9 MARS 1744
5230,Marivaux (Pierre de),Épreuve (L'),comédie,1,FALSE,prose,FALSE,
5559,Anonyme,Épreuve dangereuse (L'),comédie,5,FALSE,vers,FALSE,
5231,Grouvelle (Philippe-Antoine),Épreuve délicate (L'),comédie,3,FALSE,vers,FALSE,
5232,Mauger,Épreuve imprudente (L'),comédie,3,FALSE,vers libres,FALSE,20 JUIN 1785
5233,Bret (Antoine),Épreuve indiscrète (L'),comédie,2,FALSE,vers,FALSE,4 DECEMBRE 1748
5234,Legrand (Marc-Antoine ); Lesage (Alain-René),Épreuve réciproque (L'),comédie,1,FALSE,prose,FALSE,30 JANVIER 1764
5234,Legrand (Marc-Antoine),Épreuve réciproque (L'),comédie,1,FALSE,prose,FALSE,9/6/1904
5265,Forgeot (Nicolas-Julien),Épreuves (Les),comédie,1,FALSE,vers,FALSE,
4925,Dubois-Fontanelle (Joseph-Gaspard),Éricie ou la Vestale,tragédie,3,FALSE,vers,FALSE,29 JANVIER 1785
5517,La Grange-Chancel (François-Joseph de),Érigone,tragédie,5,FALSE,vers,FALSE,19 AOUT 1789
5518,"Voltaire (François-Marie Arouet, dit)",Ériphile,tragédie,5,FALSE,vers,FALSE,
5314,Gouges (Olympe de),Esclavage de nègres ou l'Heureux naufrage (L'),drame,3,FALSE,prose,FALSE,
4926,Boursault (Edme),Ésope à la cour,comédie héroïque,5,TRUE,vers,FALSE,
5519,Pesselier (Charles-Étienne),Ésope au Parnasse,comédie,1,FALSE,vers,TRUE,12/16/1701
5316,"Hauteroche (Noël Lebreton, sieur de)",Esprit follet ou la Dame invisible (L'),comédie,5,FALSE,vers,FALSE,27 AOUT 1700
5318,Fagan (Barthélemy-Christophe),Étourderie (L'),comédie,1,FALSE,prose,FALSE,12 JUILLET 1690
5319,Molière (Jean-Baptiste Poquelin dit),Étourdi ou les Contretemps (L'),comédie,5,FALSE,vers,FALSE,18 JUILLET 1737
5267,Dorvigny,"Étrennes de l'amitié, de l'amour et de la nature (Les)",comédie,1,FALSE,vers,FALSE,
5266,Cailhava de L'Estandoux (Jean-François),Étrennes de l’amour (Les),comédie-ballet,1,FALSE,prose,TRUE,1er janvier 1780
4927,Beaumarchais (Pierre-Augustin Caron de),Eugénie,drame,5,FALSE,prose,FALSE,1er janvier 1769
5268,Boursault (Edme),Fables d'Ésope ou Ésope à la ville (Les) ou Les Fables d'Ésope,comédie,5,TRUE,vers et vers libres,FALSE,29 JANV 1767
5110,Fenouillot de Falbaire de Quingey (Charles-Georges),Fabricant de Londres (Le),drame,5,FALSE,prose,FALSE,
5768,Molière (Jean-Baptiste Poquelin dit),Fâcheux (Les),comédie-ballet,3,TRUE,vers,TRUE,
4978,Legrand (Marc-Antoine),Famille extravagante (La),comédie,1,FALSE,vers,TRUE,
5356,Voltaire (François-Marie Arouet dit),Fanatisme ou Mahomet le prophète (Le),tragédie,5,FALSE,vers,FALSE,
5111,Lattaignant de Bainville,Fat (Le) ou Le Suffisant ou Le Petit maître dupé,comédie,5,FALSE,vers,FALSE,
5112,"Pont-de-Veyle (Antoine de Fériol, comte de)",Fat puni (Le),comédie,1,FALSE,prose,TRUE,
5683,Barbier (Marie-Anne),Faucon (Le),comédie,1,FALSE,vers,FALSE,
4979,Destouches,Fausse Agnès ou le Poète campagnard (La),comédie,3,FALSE,prose,FALSE,
4980,La Chaussée (Pierre-Claude),Fausse antipathie (La),comédie,3,TRUE,vers,FALSE,
4981,Imbert (Barthélemy),Fausse apparence ou le Jaloux malgré lui (La),comédie,3,FALSE,vers,FALSE,
5600,Allainval (Léonor-Jean-Christine Soulas d'),Fausse comtesse (La),comédie,1,FALSE,prose,TRUE,
4982,Vigée (Louis-Jean-Baptiste-Étienne),Fausse coquette (La),comédie,3,FALSE,vers,FALSE,
5601,Pellegrin (Simon-Joseph),Fausse inconstance (La),comédie,3,FALSE,vers,FALSE,
4983,Beauharnais (Fanny de),Fausse inconstance ou le Triomphe de l'honnêteté (La),comédie,5,FALSE,prose,FALSE,
5273,Robert,Fausse présomption (La),comédie,5,FALSE,vers,FALSE,
5602,Destouches (Philippe Néricault dit),Fausse veuve ou le Jaloux sans jalousie (La),comédie,1,FALSE,prose,FALSE,12 août 1789
5270,Bellecour,Fausses apparences (Les),comédie,1,FALSE,prose,FALSE,
5272,Barthe (Nicolas-Thomas),Fausses infidélités (Les),comédie,1,FALSE,vers,FALSE,17 août 1761
5684,Raisin (Jacques),Faux Gascon (Le),comédie,1,FALSE,prose,FALSE,25 janvier 1768
5685,Du Fresny (Charles),Faux honnête homme (Le),comédie,3,FALSE,prose,FALSE,
5114,Simonet de Maisonneuve (Louis-Jean-Baptiste),Faux insouciant (Le),comédie,5,FALSE,vers,FALSE,
5686,Du Fresny (Charles),Faux instinct (Le),comédie,3,FALSE,prose,TRUE,
5115,Chabanon (Michel Paul Guy de),Faux noble (Le),comédie,5,FALSE,vers,FALSE,
5116,Du Vaure (Jacques),Faux savant (Le) ou L'Amour précepteur,comédie,5 puis 3,FALSE,prose,FALSE,
5687,Du Fresny (Charles),Faux sincère (Le),comédie,5,FALSE,vers,FALSE,
5274,Dancourt (Florent Carton dit),Fées (Les),comédie,3,TRUE,prose et vers libres,TRUE,
5688,"Hauteroche (Noël Lebreton, sieur de)","Feint polonais, ou la Veuve impertinente (Le)",comédie,3,FALSE,prose,FALSE,29 octobre 1699
4984,Dorat (Claude-Joseph),Feinte par amour (La),comédie,3,FALSE,vers,FALSE,
5603,Dancourt (Florent Carton dit),Femme d'intrigues (La),comédie,5,FALSE,prose,FALSE,
5604,Legrand (Marc-Antoine),Femme fille et veuve (La),comédie,1,FALSE,vers,FALSE,
4985,Montfleury (Antoine Jacob dit),Femme juge et partie (La),comédie,5,FALSE,vers,FALSE,
5605,"Robbe, Jacques",Femme têtue ou le médecin hollandais (La),comédie,1,FALSE,vers,FALSE,
5276,Molière (Jean-Baptiste Poquelin dit),Femmes savantes (Les),comédie,5,FALSE,vers,FALSE,
4928,Piron (Alexis),Fernand-Cortès,tragédie,5,FALSE,vers,FALSE,
5117,Corneille (Thomas),Festin de Pierre (Le),comédie,5,FALSE,vers,FALSE,8 JANV 1744 MONTEZUME
4986,Desfontaines (François-Georges),Fête de village (La),intermède,1,FALSE,musique,TRUE,
4987,Dancourt (Florent Carton dit),Fête de village ou les Bourgeoises de qualité (La),comédie,3,FALSE,prose,TRUE,
5769,Dancourt (Florent Carton dit),Fêtes du cours (Les),comédie,1,TRUE,prose,TRUE,
4989,Montfleury (Antoine Jacob dit),Fille capitaine (La),comédie,5,FALSE,vers,FALSE,
4990,Graffigny (Françoise de),Fille d'Aristide (La),comédie,5,FALSE,vers,FALSE,
5606,Anonyme,Fille médecin (La),comédie,1,FALSE,,FALSE,
5607,La Grange-Chancel (François-Joseph de),Fille supposée ou l'Héroïne de roman (La),comédie,3,FALSE,vers,FALSE,
5608,Le neveu de l'abbé Abeille (Nicolas Abeille dit),Fille valet (La),comédie,3,FALSE,vers,FALSE,
5118,Diderot (Denis),Fils naturel ou les Épreuves de la vertu (Le),drame,5,TRUE,prose,FALSE,
5119,Saint-Foix (Germain-François Poullain de),Financier (Le),comédie,1,FALSE,prose,FALSE,
5120,Lantier (Étienne François de),Flatteur (Le),comédie,5,FALSE,vers libres,FALSE,
5689,Rousseau (Jean-Baptiste),Flatteur (Le),comédie,5,FALSE,prose,FALSE,
5121,La Fontaine (Jean de),Florentin (Le),comédie,1,FALSE,vers,FALSE,
4929,Lefèvre (Pierre-François-Alexandre),Florinde,tragédie,5,FALSE,vers,FALSE,
5609,Dancourt (Florent Carton dit),Foire de Bezons (La),comédie,1,FALSE,prose,TRUE,11/10/1770
4991,Legrand (Marc-Antoine),Foire de Saint-Laurent (La),comédie,1,FALSE,vers,TRUE,
5610,Dancourt (Florent Carton dit),Foire Saint-Germain (La),comédie,1,FALSE,prose,TRUE,
4992,Boissy (Louis de),Folie du jour (La),comédie,1,FALSE,vers libres,TRUE,
4993,Yon,Folie et l'Amour (La),comédie,1,FALSE,vers libres,TRUE,
5277,Regnard (Jean-François),Folies amoureuses (Les),comédie,3,TRUE,vers et vers libres,TRUE,
5611,Dancourt (Florent Carton dit),Folle enchère (La),comédie,1,FALSE,prose,FALSE,15 JANVIER 1704
5770,Baron (Michel Boyron dit),Fontanges maltraitées ou les Vapeurs (Les),comédie,1,FALSE,prose,FALSE,
4994,Destouches,Force du naturel (La),comédie,5,FALSE,vers,FALSE,
5690,Poisson (Raymond),Fou de qualité (Le) ou Le Fou raisonnable,comédie,1,FALSE,vers,TRUE,
4917,Ségur (Joseph-Alexandre de),Fou par amour (Le),drame historique,1,FALSE,vers,FALSE,
5612,Le Noble (Eustache,Fourbe (Le),comédie,5,FALSE,prose,FALSE,29 JANV 1791 vérif autre titre Dorval
5278,Molière (Jean-Baptiste Poquelin dit),Fourberies de Scapin (Les),comédie,3,FALSE,prose,FALSE,
5771,Poisson (Raymond),Fous divertissants (Les),comédie,3,FALSE,vers,TRUE,
5772,Champmeslé (Charles Chevillet dit),Fragments de Molière (Les),comédie,2,FALSE,prose,FALSE,
5122,Boissy (Louis de),Français à Londres (Le),comédie,1,FALSE,prose,FALSE,
5613,Legrand (Marc-Antoine),Française italienne (La),comédie,1,FALSE,prose,TRUE,
5520,Anonyme,Frontin gouverneur du château de Vertigililinguen,comédie,1,FALSE,,FALSE,
5521,Brueys (David-Augustin de),Gabinie,tragédie,5,FALSE,vers,FALSE,
4930,Belloy (Pierre Laurent de),Gabrielle de Vergy,tragédie,5,FALSE,vers,FALSE,
4995,Colomb de Seillans,Gageure de Village (La),comédie,1,FALSE,prose,TRUE,12 JUIL 1777
4996,Sedaine (Michel-Jean),Gageure imprévue (La),comédie,1,FALSE,prose,FALSE,
5123,Legrand (Marc-Antoine),Galant coureur ou l'Ouvrage d'un moment (Le),comédie,1,FALSE,prose,TRUE,
5124,Dancourt (Florent Carton dit),Galant jardinier (Le),comédie,1,FALSE,prose,TRUE,
4931,Belloy (Pierre Laurent de),Gaston et Baïard ou Gaston et Bayard,tragédie,5,FALSE,vers,FALSE,
5125,Imbert (Barthélemy),Gâteau des rois (Le),comédie,1,TRUE,vers,FALSE,24 AVRIL 1771
5614,Dancourt (Florent Carton dit),Gazette de Hollande (La),comédie,1,FALSE,prose,FALSE,
5691,Anonyme,Gênois (Le),comédie,1,FALSE,,FALSE,
5692,Anonyme,Gentilhomme meunier (Le),comédie,1,FALSE,,FALSE,
5693,Corneille (Thomas),Geôlier de soi-même ou Jodelet prince (Le),comédie,5,FALSE,vers,FALSE,
4932,Molière (Jean-Baptiste Poquelin dit),George Dandin ou le Mari confondu,comédie,3,FALSE,prose,TRUE,
5522,Pradon (Nicolas),Germanicus,tragédie,5,FALSE,vers,FALSE,
5523,Péchantrés (Nicolas de),Géta,tragédie,5,FALSE,vers,FALSE,
5126,Destouches,Glorieux (Le),comédie,5,FALSE,vers,FALSE,
4997,La Chaussée (Pierre-Claude),Gouvernante (La),comédie,5,FALSE,vers,FALSE,
5279,Saint-Foix (Germain-François Poullain de),Grâces (Les),comédie,1,FALSE,prose,TRUE,
5773,Champmeslé (Charles Chevillet dit),Grisettes ou Crispin chevalier (Les),comédie,1,FALSE,vers,FALSE,23 juillet 1744
5127,Palaprat (Jean de),Grondeur (Le),comédie,3,TRUE,prose et vers libres,FALSE,
5615,Fagan (Barthélemy-Christophe),Grondeuse (La),comédie,1,FALSE,prose,TRUE,
5694,Anonyme,Gros lot de Marseille (Le),comédie,1,FALSE,prose,FALSE,
4933,Le Mierre (Antoine-Marin),Guillaume Tell,tragédie,5,FALSE,vers,FALSE,
5616,Dancourt (Florent Carton dit),Guinguette de la finance (La),comédie,1,FALSE,prose,TRUE,12/17/1766
4934,Piron (Alexis),Gustave Wasa,tragédie,5,FALSE,vers,FALSE,
5524,Gomez (Madeleine-Angélique de),Habis,tragédie,5,FALSE,vers,FALSE,3 FEV 1733
4935,Ducis (Jean-François),Hamlet,tragédie,5,FALSE,vers,FALSE,
4936,Raucourt (Françoise-Marie-Antoinette-Josèphe Saucerotte dite Mademoiselle),Henriette,drame,3,FALSE,prose,FALSE,30 SEPT 1769
5280,Marmontel (Jean-François),Héraclides (Les),tragédie,5,FALSE,vers,FALSE,1 MARS 1782
5774,Brie (de),Héraclides (Les),tragédie,5,FALSE,vers,FALSE,24 mai 1752
5775,Danchet (Antoine),Héraclides (Les),tragédie,5,FALSE,vers,FALSE,
4937,Corneille (Pierre),"Héraclius, empereur d'Orient",tragédie,5,FALSE,vers,FALSE,
4938,Renout (Jean-Julien-Constantin),Hercule,tragédie,5,FALSE,vers,FALSE,
5525,"La Tuillerie (Jean-François Juvenon de La Tuillerie, dit)",Hercule,tragédie,5,FALSE,vers,FALSE,28 FEV 1757
4939,Lefèvre (Pierre-François-Alexandre),Hercule au mont Œta,tragédie,5,FALSE,vers,FALSE,
5526,"Palaprat (Jean de, sieur de Bigot)",Hercule et Omphale,comédie,5,FALSE,vers,FALSE,24 MAI 1787
5561,Scarron (Paul),Héritier ridicule ou la Dame intéressée (L'),comédie,5,FALSE,vers,FALSE,
5527,"Nadal (Augustin, abbé)",Hérode,tragédie,5,FALSE,vers,FALSE,
4940,Voltaire (François-Marie Arouet dit),Hérode et Mariamne,tragédie,5,FALSE,vers,FALSE,
5528,Anonyme,Héroïne (L'),comédie,1,FALSE,,FALSE,10 AVR 1725
5128,Dussieux (Louis),Héros français ou le Siège de Saint-Jean-de-Lone (Les),drame héroïque,4,FALSE,prose,FALSE,
5562,Boizard de Ponteau (Claude-Florimond),Heure du berger (L'),comédie,1,FALSE,prose,TRUE,
5320,Falconnet (Françoise-Cécile) ; Rozet (Madame),Heureuse rencontre (L'),comédie,1,FALSE,prose,FALSE,
4941,Rochon de Chabannes (Marc-Antoine-Jacques),Heureusement,comédie,1,FALSE,vers,FALSE,
5563,Anonyme,Heureux échange (L'),comédie,5,FALSE,vers,FALSE,11/29/1762
5321,Fagan (Barthélemy-Christophe),Heureux retour (L'),comédie,1,FALSE,vers,TRUE,
4942,Billardon de Sauvigny (Edme-Louis),Hirza ou les Illinois,tragédie,5,FALSE,vers,FALSE,
5322,Baron (Michel Boyron dit),Homme à bonne fortune (L'),comédie,5,FALSE,prose,FALSE,27 MAI 1767
5564,Baron (Michel Boyron dit),Homme à bonnes fortunes (L'),comédie,5,FALSE,prose,FALSE,18 DECEMBRE 1686
5323,Barthe (Nicolas-Thomas),Homme personnel (L'),comédie,5,FALSE,vers,FALSE,
5324,Destouches,Homme singulier (L'),comédie,5,FALSE,vers,FALSE,21 FEVRIER 1778
5281,Saint-Foix (Germain-François Poullain de),Hommes (Les),comédie-ballet,1,FALSE,prose,TRUE,5 NOVEMBRE 1764
5325,Fenouillot de Falbaire de Quingey (Charles-Georges),Honnête criminel ou l'Amour filial (L'),drame,5,FALSE,vers,FALSE,02 JUIN 1753
4943,Corneille (Pierre),Horace ou Les Horaces,tragédie,5,FALSE,vers,FALSE,4 JANVIER 1790
5326,Bret (Antoine),Hôtellerie ou le Faux ami (L'),comédie,5,FALSE,vers,FALSE,
4944,Rochon de Chabannes (Marc-Antoine-Jacques),Hylas et Sylvie,pastorale,1,FALSE,prose,FALSE,13 SEPTEMBRE 1785
4945,Le Mierre (Antoine-Marin),Hypermnestre,tragédie,5,FALSE,vers,FALSE,12/10/1768
4946,Riupeirous (Théodore de),Hypermnestre,tragédie,5,FALSE,vers,FALSE,31 AOUT 1758
4947,Le Mierre (Antoine-Marin),Idoménée,tragédie,5,FALSE,vers,FALSE,13 FEV 1704 OU LYNCEE ?
5529,Crébillon père (Prosper Jolyot de Crébillon dit),Idoménée,tragédie,5,FALSE,vers,FALSE,13 FEV 1764
5166,Collot d'Herbois,Il y a une bonne justice ou le Paysan magistrat ou Le Paysan magistrat,drame,5,FALSE,prose,FALSE,
5565,Marivaux (Pierre de),Île de la raison ou les Petits hommes (L'),comédie,3,TRUE,prose,TRUE,
5327,Collet de Messine (Jean-Baptiste),Île déserte (L'),comédie,1,FALSE,vers,FALSE,
5328,Saint-Foix (Germain-François Poullain de),Île sauvage (L'),comédie,3,TRUE,prose,TRUE,23 AOUT 1758
5329,Lantier (Étienne François de),Impatient (L'),comédie,1,FALSE,vers libres,FALSE,5 JUILLET 1743
5330,Poinsinet (Antoine-Alexandre-Henri),Impatient (L'),comédie,1,FALSE,vers,FALSE,3 SEPTEMBRE 1778
5566,Boissy (Louis de),Impatient (L'),comédie,5,TRUE,vers,FALSE,9 JUILLET 1757
5331,Desmahis (Joseph-François-Edouard de Corsembleu),Impertinent (L') ou Le Billet perdu,comédie,1,FALSE,vers libres,FALSE,
5567,Boissy (Louis de),Impertinent malgré lui (L'),comédie,5,FALSE,vers,FALSE,31 AOUT 1750
5332,Brueys (David-Augustin de) ; Palaprat (Jean de),Important de cour (L'),comédie,5,FALSE,prose,FALSE,
5333,Poisson (Philippe),Impromptu de campagne (L'),comédie,1,FALSE,vers,FALSE,15 DECEMBRE 1693
5570,Dancourt (Florent Carton dit),Impromptu de garnison (L'),comédie,1,FALSE,prose,FALSE,21 DECEMBRE 1733
5568,Legrand (Marc-Antoine),Impromptu de la folie (L'),ambigu-comique,2,TRUE,prose,TRUE,
5569,Dancourt (Florent Carton dit),Impromptu de Suresnes (L'),comédie-ballet,1,TRUE,prose,TRUE,
5334,Imbert (Barthélemy),Inauguration du Théâtre français (L'),pièce,1,FALSE,vers,FALSE,
5336,Lantier (Étienne François de),Inconséquent (L'),comédie,5,FALSE,vers,FALSE,
5338,Collin d'Harleville (Jean-François),Inconstant (L'),comédie,5,FALSE,vers,FALSE,31 MAI 1788
5339,Dufaut,Indécis (L'),comédie,5,FALSE,vers,FALSE,13 JUIN 1786
5340,Voltaire (François-Marie Arouet dit),Indiscret (L'),comédie,1,FALSE,vers,FALSE,2 AOUT 1759
4948,La Motte (Antoine Houdar de),Inès de Castro,tragédie,5,FALSE,vers,FALSE,18 AOUT 1725
5341,Destouches,Ingrat (L'),comédie,5,FALSE,vers,FALSE,6 AVRIL 1723
4949,La Grange-Chancel (François-Joseph de),Ino et Mélicerte,tragédie,5,FALSE,vers,FALSE,28 JANVIER 1712
5342,Fagan (Barthélemy-Christophe),Inquiet (L'),comédie,1,FALSE,vers,FALSE,10 MARS 1713
4951,Guimond de La Touche (Claude),Iphigénie en Tauride,tragédie,5,FALSE,vers,FALSE,19 OCTOBRE 1765
4950,Racine (Jean),Iphigénie ou Iphigénie en Aulide,tragédie,5,FALSE,vers,FALSE,4 JUIN 1757
4952,Voltaire (François-Marie Arouet dit),Irène,tragédie,5,FALSE,vers,FALSE,
4953,Boistel d'Welles (Jean-Baptiste-Robert ou Robert),Irène ou l'Innocence reconnue,tragédie,5,FALSE,vers,FALSE,16 MARS 1778
5343,Destouches,Irrésolu (L'),comédie,5,FALSE,vers,FALSE,11/6/1762
5572,La Motte (Antoine Houdar de),Italie galante ou les contes (L'),ambigu-comique,3,TRUE,prose,TRUE,5 JANVIER 1713
5617,Boisrobert (François Le Métel de),Jalouse d'elle-même (La),comédie,5,FALSE,vers,FALSE,
5129,Bret (Antoine),Jaloux (Le),comédie,3,FALSE,vers,FALSE,
5130,Rochon de Chabannes (Marc-Antoine-Jacques),Jaloux (Le),comédie,5,FALSE,vers libres,FALSE,
5695,Baron (Michel Boyron dit),Jaloux (Le),comédie,5,FALSE,vers,FALSE,11 MARS 1784
5131,Campistron (Jean Galbert de),Jaloux désabusé (Le),comédie,5,FALSE,vers,FALSE,
5696,Du Fresny (Charles),Jaloux honteux de l'être (Le),comédie,5,FALSE,prose,FALSE,
5697,"Brécourt (Guillaume Marcoureau, sieur de Brécourt, dit)",Jaloux invisible (Le),comédie,3,FALSE,vers,TRUE,
5698,Anonyme,Jaloux masqué (Le),comédie,3,FALSE,,TRUE,
5132,Imbert (Barthélemy),Jaloux sans amour (Le),comédie,5,FALSE,vers libres,FALSE,
5530,"La Fontaine (Jean de) ; Champmeslé (Charles Chevillet dit)",Je vous prends sans verd,comédie,1,FALSE,vers,TRUE,
4954,Laya (Jean-Louis),Jean Calas,tragédie,5,FALSE,vers,FALSE,
4955,"Genlis (Stéphanie-Félicité du Crest, comtesse de)",Jean-Jacques Rousseau à l'île de Saint-Pierre,drame,5,TRUE,prose,FALSE,12/18/1790
4956,La Place (Pierre-Antoine de),Jeanne d'Angleterre,tragédie,5,FALSE,vers,FALSE,12/15/1791
4957,La Harpe (Jean François de),Jeanne de Naples,tragédie,5,FALSE,vers,FALSE,8 MAI 1748
4998,Cubières-Palmézeaux (Michel de),Jeune épouse (La),comédie,3,FALSE,vers,FALSE,12/12/1781
5133,Bastide (Jean-François de),Jeune homme (Le),comédie,5,FALSE,vers,FALSE,
5699,Anonyme,Jeune homme (Le),comédie,1,FALSE,prose,FALSE,
4999,Chamfort (Sébastien-Roch-Nicolas de),Jeune indienne (La),comédie,1,FALSE,vers,FALSE,
5531,Fagan (Barthélemy-Christophe),Joconde,comédie,1,FALSE,prose,TRUE,
4958,Scarron (Paul),"Jodelet, ou le Maître valet",comédie,5,FALSE,vers,FALSE,
5532,Duché de Vancy (Joseph-François),Jonathas,tragédie,3,FALSE,vers,FALSE,
5533,"Genest (Charles-Claude, abbé)",Joseph,tragédie,5,FALSE,vers,FALSE,
5134,Regnard (Jean-François),Joueur (Le),comédie,5,FALSE,vers,FALSE,
5776,Champmeslé (Charles Chevillet dit),Joueurs (Les),comédie,5,FALSE,vers,FALSE,
5618,Du Fresny (Charles),Joueuse (La),comédie,5,FALSE,prose,TRUE,
5135,Aude (Joseph),Journaliste des ombres ou Momus au Champ-Élysées (Le),pièce héroï-nationale,1,FALSE,vers,FALSE,
5534,"Boyer (Claude, abbé)",Judith,tragédie,5,FALSE,vers,FALSE,
5535,Péchantrés (Nicolas de),"Jugurtha, roi de Numidie",tragédie,5,FALSE,vers,FALSE,
4961,Saint-Foix (Germain-François Poullain de),Julie ou l'Heureuse épreuve,comédie,1,FALSE,prose,FALSE,
4959,Denon (Dominique-Vivant),Julie ou le Bon père,comédie,3,FALSE,prose,FALSE,10/20/1746
4960,Marin (François-Louis-Claude),Julie ou le Triomphe de l'amitié,comédie,3,FALSE,prose,FALSE,14 JUIN 1769
5056,Lebeau de Schosne (Augustin-Théodore-Vincent),L'Assemblée,comédie,1,FALSE,vers,FALSE,3 MARS 1762
5054,André-Murville (Pierre-Nicolas),Lanval et Viviane ou les Fées et les chevaliers,comédie héori-féérie,5,FALSE,vers,FALSE,
5653,Bernard (Catherine),"Laodamie, reine d'Epire",tragédie,5,FALSE,vers,FALSE,
5700,Anonyme,Laquais fille (Le),comédie,,FALSE,,FALSE,
5057,Oisemont (d'),Laurette,comédie,3,FALSE,vers libres,FALSE,
5200,Legrand (Marc-Antoine),Le Temps passé ou le Triomphe du temps passé (Le),comédie,1,FALSE,prose,TRUE,
5136,Regnard (Jean-François),Légataire universel (Le),comédie,5,FALSE,vers,FALSE,
5137,Marivaux (Pierre de),Legs (Le),comédie,1,FALSE,prose,FALSE,
5271,Marivaux (Pierre de),Les Fausses confidences,comédie,3,FALSE,vers,FALSE,
5275,Demoustier (Charles-Albert),Les Femmes,comédie,4,FALSE,vers,FALSE,
5296,Lourdet de Santerre (Jean-Baptiste),Les Quatre sœurs,comédie,3,FALSE,vers libres,FALSE,
5000,Harny de Guerville,Liberté conquise ou le Despotisme renversé (La),drame patriotique,5,FALSE,prose,FALSE,23 MAI 1793
5348,Dubois-Fontanelle (Joseph-Gaspard),Loredan,drame,4,FALSE,vers,FALSE,
5619,Dancourt (Florent Carton dit),Loterie (La),comédie,1,FALSE,prose,FALSE,
5351,Ronsin (Charles-Philippe),"Louis XII, Père du peuple",tragédie,3,FALSE,vers,FALSE,
5352,Lemercier (Népomucène-Louis),Lovelace,comédie,5,FALSE,vers,FALSE,
5793,Fagan (Barthélemy-Christophe),Lucas et Perrette,comédie,1,FALSE,prose,TRUE,
5353,Arnault (Antoine Vincent),Lucrèce,tragédie,5,FALSE,vers,FALSE,
5794,Caux de Montlebert (Gilles de),Lysimachus,tragédie,5,FALSE,vers,FALSE,4 MAI 1792
5355,Ducis (Jean-François),Macbeth,tragédie,5,FALSE,vers,FALSE,
5282,La Motte (Antoine Houdar de),Machabées (Les),tragédie,5,FALSE,vers,FALSE,
5795,Dancourt (Florent Carton dit),Madame Artus,comédie,5,FALSE,vers,FALSE,6 MARS 1722
5001,Autreau (Jacques),Magie de l'Amour (La),comédie-pastorale,1,FALSE,vers libres,TRUE,
5138,La Motte (Antoine Houdar de),Magnifique (Le),comédie,2,FALSE,prose,TRUE,
5357,"La Noue (Jean-Baptiste Sauvé de La Noue, dit)",Mahomet second,tragédie,5,FALSE,vers,FALSE,
5796,Chateaubrun (Jean-Baptiste Vivien de),Mahomet second,tragédie,5,FALSE,vers,FALSE,
5139,Laus de Boissy (Louis de),Maire ou le Pouvoir de la loi (Le),comédie patriotique,1,FALSE,prose,FALSE,
5002,Dancourt (Florent Carton dit),Maison de campagne (La),comédie,1,FALSE,prose,FALSE,
5003,Mercier (Louis-Sebastien),Maison de Molière (La),comédie,4,FALSE,prose,FALSE,
5140,Molière (Jean-Baptiste Poquelin dit),Malade imaginaire (Le),comédie-ballet,3,TRUE,vers,TRUE,
5620,Du Fresny (Charles),Malade sans maladie (La),comédie,5,FALSE,prose,FALSE,
5141,Dorat (Claude-Joseph),Malheureux imaginaire (Le),comédie,5,FALSE,vers,FALSE,
5358,Le Blanc de Guillet (Antoine),"Manco Capac, premier Inca du Pérou",tragédie,5,FALSE,vers,FALSE,
5004,Rochon de Chabannes (Marc-Antoine-Jacques),Manie des arts ou la Matinée à la mode (La),comédie,1,FALSE,prose,FALSE,12 JUIN 1763
5359,La Fosse (Antoine de),Manlius Capitolinus,tragédie,5,FALSE,vers,FALSE,
5142,Chamfort (Sébastien-Roch-Nicolas de),Marchand de Smyrne (Le),comédie,1,FALSE,prose,FALSE,
5701,Anonyme,Maréchal médecin (Le) ou Les Houssards ou Le Médecin de Mantes,comédie,1,FALSE,prose,FALSE,
5702,Allainval (Léonor-Jean-Christine Soulas d'),Mari curieux (Le),comédie,1,FALSE,prose,TRUE,
5143,Carbon de Flins Des Oliviers (Claude-Marie-Louis-Emmanuel),Mari directeur ou le Déménagement du couvent (Le),comédie,1,FALSE,vers,FALSE,
5703,Audierne (Jacques),Mari égaré (Le),comédie,1,TRUE,prose,FALSE,
5144,Dancourt (Florent Carton dit),Mari retrouvé (Le),comédie,1,FALSE,prose,TRUE,
5145,Montfleury (Antoine Jacob dit),Mari sans femme (Le),comédie,5,FALSE,vers,TRUE,
5146,Lemonnier (Pierre-René),Mariage clandestin (Le),comédie,3,FALSE,vers libres,FALSE,
5704,Donneau de Vizé (Jean),Mariage de Bacchus et d'Ariane (Le),comédie héroïque,3,TRUE,vers,TRUE,
5147,Beaumarchais (Pierre-Augustin Caron de),Mariage de Figaro ou la Folle journée (Le),comédie,5,FALSE,prose,FALSE,
5705,Montfleury (Antoine Jacob dit),Mariage de rien (Le),comédie,1,FALSE,vers,TRUE,
5148,Du Fresny (Charles),Mariage fait et rompu (Le),comédie,3,FALSE,vers,FALSE,
5706,Poisson (Philippe),Mariage fait par lettre de change (Le),comédie,1,FALSE,vers,TRUE,
5149,Molière (Jean-Baptiste Poquelin dit),Mariage forcé (Le),comédie,1,FALSE,prose,TRUE,
5150,Cailhava de L'Estandoux (Jean-François),Mariage interrompu (Le) ou La Fille supposée,comédie,3,FALSE,vers,FALSE,
5151,Bret (Antoine),Mariage par dépit (Le),comédie,3,FALSE,prose,FALSE,
5152,Brousse-Desfaucherets (Jean-Louis),Mariage secret (Le),comédie,3,FALSE,vers,FALSE,
5797,Nadal (Augustin),Mariamne,tragédie,5,FALSE,vers,FALSE,
5621,Tristan L'Hermite,Marianne (La),tragédie,5,FALSE,vers,FALSE,
5360,Imbert (Barthélemy),"Marie de Brabant, reine de France",tragédie,5,FALSE,vers,FALSE,
5707,Fagan (Barthélemy-Christophe),Marié sans le savoir (Le),comédie,1,FALSE,prose,FALSE,9 SEPT 1789
5798,Tronchin (François),"Marie Stuart, reine d'Écosse",tragédie,5,FALSE,vers,FALSE,
5799,Boursault (Edme),"Marie Stuart, reine d'Écosse ",tragédie,5,FALSE,vers,FALSE,
5283,Desforges (Pierre-Jean-Baptiste Choudard),Marins ou le Médiateur maladroit (Les),comédie,5,FALSE,vers,FALSE,
5361,Caux de Montlebert (Gilles de),Marius,tragédie,5,FALSE,vers,FALSE,30 juin 1783
5362,Arnault (Antoine Vincent),Marius à Minturnes,tragédie,3,FALSE,vers,FALSE,
5708,Anonyme,Marquis de l'industrie (Le),comédie,5,FALSE,vers,FALSE,19 MAI 1791
5622,Anonyme,Marquise imaginaire (La),comédie,1,FALSE,,FALSE,
5005,Vigée (Louis-Jean-Baptiste-Étienne),Matinée d'une jolie femme (La),comédie,1,FALSE,prose,FALSE,
5623,La Motte (Antoine Houdar de),Matrone d'Éphèse (La),comédie,1,FALSE,prose,FALSE,
5800,La Chaussée (Pierre-Claude),Maximien,tragédie,5,FALSE,vers,FALSE,
5153,Gresset (Jean-Baptiste-Louis),Méchant (Le),comédie,5,FALSE,vers,FALSE,
5777,Le Clerc de La Bruère (Charles-Antoine),Mécontents (Les),comédie,1,TRUE,vers,TRUE,
5154,Anseaume (Louis) ; Laruette (Jean-Louis),Médecin de l'amour (Le) ou Le Médecin d'amour,opéra-comique,,FALSE,vers,TRUE,
5709,Guyot de Merville (Michel),Médecin de l'esprit (Le),comédie,1,FALSE,prose,FALSE,
5710,Anonyme,Médecin de village (Le),comédie,1,FALSE,prose,TRUE,
5155,Molière (Jean-Baptiste Poquelin dit),Médecin malgré lui (Le),comédie,3,FALSE,prose,TRUE,
5156,Boissy (Louis de),Médecin par occasion (Le),comédie,5,FALSE,vers,FALSE,
5711,Boursault (Edme),Médecin volant (Le),comédie,1,FALSE,vers,FALSE,
5365,Clément (Jean Marie Bernard),Médée,tragédie,3,FALSE,vers,FALSE,
5363,Longepierre (Hilaire-Bernard de),Médée ou Médée et Jason,tragédie,5,FALSE,vers,FALSE,
5157,Destouches,Médisant (Le),comédie,5,FALSE,vers,FALSE,
5801,Deschamps (François-Michel-Chrétien),Médus,tragédie,5,FALSE,vers,FALSE,
5366,Morand (Pierre de),Mégare,tragédie,5,FALSE,vers,FALSE,
5367,La Chaussée (Pierre-Claude),Mélanide,comédie,5,FALSE,vers,FALSE,19 OCTOBRE 1748
5368,André-Murville (Pierre-Nicolas),Melcour et Verseuil,comédie,1,FALSE,vers,FALSE,MAI 1741
5369,Lemercier (Népomucène-Louis),Méléagre,tragédie,5,FALSE,vers,FALSE,8 AOUT 1785
5802,La Grange-Chancel (François-Joseph de),Méléagre,tragédie,5,FALSE,vers,FALSE,
5284,Regnard (Jean-François),Ménechmes ou les Jumeaux (Les),comédie,5,TRUE,vers et vers libres,FALSE,
5158,Corneille (Pierre),Menteur (Le),comédie,5,FALSE,vers,FALSE,4 DECEMBRE 1705
5624,Audierne (Jacques),Méprise (La),comédie,1,TRUE,prose,FALSE,
5286,Palissot de Montenoy (Charles),Méprises ou le Rival par ressemblance (Les),comédie,5,FALSE,vers,FALSE,25 avril 1754
5159,Boursault (Edme),Mercure galant ou la Comédie sans titre (Le),comédie,4,FALSE,vers,TRUE,7 juin 1762
5006,Quinault (Philippe),Mère coquette ou les Amants brouillés (La),comédie,5,FALSE,vers,FALSE,
5007,Barthe (Nicolas-Thomas),Mère jalouse (La),comédie,3,FALSE,vers,FALSE,
5625,Montfort,Mère ridicule (La),comédie,1,FALSE,,FALSE,
5803,Dancourt (Florent Carton dit),Merlin déserteur,comédie,1,FALSE,prose,FALSE,
5804,Dancourt (Florent Carton dit),Merlin la Chaconne,comédie,3,FALSE,,TRUE,
5805,"La Tuillerie (Jean-François Juvenon de La Tuillerie, dit)",Merlin peintre,comédie,1,FALSE,prose,FALSE,
5370,Voltaire (François-Marie Arouet dit),Mérope,tragédie,5,FALSE,vers,FALSE,
5008,Legrand (Marc-Antoine),Métamorphose amoureuse (La),comédie,1,FALSE,prose,FALSE,10/8/1904
5009,Yon,Métempsychose (La) ou La Métempsicose,comédie,3,TRUE,vers libres,FALSE,
5010,Piron (Alexis),Métromanie ou le Poète (La),comédie,5,FALSE,vers,FALSE,
5371,Desaudras,Minuit ou le Moment propice,comédie,1,FALSE,prose,FALSE,
5160,Molière (Jean-Baptiste Poquelin dit),Misanthrope (Le),comédie,5,FALSE,vers,FALSE,31 DECEMBRE 1791
5372,Racine (Jean),Mithridate,tragédie,5,FALSE,vers,FALSE,
5287,Saurin (Bernard-Joseph),Mœurs du temps (Les),comédie,1,FALSE,prose,TRUE,
5778,Saint-Yon (pièce attribuée à Palaprat (Jean),Mœurs du temps (Les) ou Les Façons du temps,comédie,5,FALSE,prose,FALSE,22 DECEMBRE 1760
5373,La Harpe (Jean François de),Molière à la nouvelle salle ou les Audiences de Thalie,comédie,1,FALSE,vers libres,FALSE,
5374,Fuzelier (Louis),Momus fabuliste ou les Noces de Vulcain ou Momus fabuliste ou le Mariage de Vénus et de Vulcain,comédie,1,FALSE,prose et vers libres,TRUE,12 AVRIL 1782
5375,Collin d'Harleville (Jean-François),Monsieur de Crac dans son petit castel ou les Gascons,comédie,1,FALSE,vers,TRUE,
5376,Molière (Jean-Baptiste Poquelin dit),Monsieur de Pourceaugnac,comédie-ballet,3,FALSE,prose,TRUE,4 MARS 1791
5806,Ferrier de la Martinière (Louis),Montézume dernier roi du Mexique,tragédie,5,FALSE,vers,FALSE,
5011,Legouvé (Gabriel),Mort d'Abel (La),tragédie,3,FALSE,vers,FALSE,
5632,Dancourt (Florent Carton dit),Mort d'Alcide (La),tragédie,5,FALSE,vers,FALSE,
5627,Louvet,Mort d'Alexandre (La),tragédie,5,FALSE,vers,FALSE,
5628,Belin,Mort d'Othon (La),tragédie,5,FALSE,vers,FALSE,
5629,Pellegrin (Simon-Joseph),Mort d'Ulysse (La),tragédie,5,FALSE,vers,FALSE,
5012,Voltaire (François-Marie Arouet dit),Mort de César (La),tragédie,3,FALSE,vers,FALSE,
5630,Barbier (Marie-Anne),Mort de César (La),tragédie,5,FALSE,vers,FALSE,
5013,Cubières-Palmézeaux (Michel de),Mort de Molière (La),pièce historique,3,FALSE,vers,FALSE,
5631,Péchantrés (Nicolas de),Mort de Néron (La),tragédie,5,FALSE,vers,FALSE,
5014,Corneille (Pierre),Mort de Pompée (La),tragédie,5,FALSE,vers,FALSE,
5015,Billardon de Sauvigny (Edme-Louis),Mort de Socrate (La),tragédie,3,FALSE,vers,FALSE,
5779,Boursault (Edme),Mots à la mode (Les),comédie,1,FALSE,vers,FALSE,
5161,Dancourt (Florent Carton dit),Moulin de Javelle (Le),comédie,1,FALSE,prose,TRUE,
5162,Brueys (David-Augustin de),Muet (Le),comédie,5,FALSE,prose,FALSE,
5163,Alliot,Muet par amour (Le),comédie,1,FALSE,vers,TRUE,
5288,La Harpe (Jean François de),Muses rivales ou l'Apothéose de Voltaire (Les),comédie,1,FALSE,vers libres,FALSE,
5377,Chamfort (Sébastien-Roch-Nicolas de),Mustapha et Zéangir,tragédie,5,FALSE,vers,FALSE,1e FEVRIER 1779
5807,Belin (François),Mustapha et Zéangir,tragédie,5,FALSE,vers,FALSE,1 NOVEMBRE 1776
5808,Guérin d'Estriché (Nicolas-Armand-Martial),Myrtil et Mélicerte,pastorale héroïque,3,TRUE,vers,TRUE,
5378,Dubuisson (Pierre-Ulric),Nadir ou Thamas-Kouli-Kan,tragédie,5,FALSE,vers,FALSE,
5379,"Thibouville (Henri Lambert d'Herbigny, marquis de)",Namir,tragédie,5,FALSE,vers,FALSE,31 AOUT 1780
5380,Voltaire (François-Marie Arouet dit),Nanine ou le Préjugé vaincu,comédie,3,FALSE,vers,FALSE,12 NOVEMBRE 1759
5381,Rousseau (Jean-Jacques),Narcisse ou l'Amant de lui-même,comédie,1,FALSE,prose,FALSE,16 juin 1749
5164,La Font (Joseph de),Naufrage ou la Pompe funèbre de Crispin (Le) ou Crispin brûlé,comédie,1,FALSE,vers,TRUE,18 décembre 1752
5712,Du Fresny (Charles),Négligent (Le),comédie,3,TRUE,prose,TRUE,
5713,Raisin (Jacques),Niais de Sologne (Le),comédie,1,FALSE,prose,FALSE,
5780,Boursault (Edme),Nicandres ou les Menteurs qui ne mentent point (Les),comédie,3,FALSE,vers,FALSE,
5382,Corneille (Pierre),Nicomède,tragédie,5,FALSE,vers,FALSE,
5809,Danchet (Antoine),Nitétis,tragédie,5,FALSE,vers,FALSE,
5810,Anonyme,Nitocris,tragédie,5,FALSE,vers,FALSE,
5633,"Brécourt (Guillaume Marcoureau, sieur de Brécourt, dit)",Noce de village (La),comédie,1,FALSE,prose,TRUE,
5634,Du Fresny (Charles),Noce interrompue (La),comédie,1,FALSE,prose,TRUE,
5289,Dorvigny,Noces hussardes (Les) ou Les Noces houzardes,comédie,4,FALSE,prose,FALSE,
5290,Brunet (Pierre-Nicolas),"Noms changés, ou l'Indifférent corrigé (Les)",comédie,3,FALSE,vers,FALSE,30 janvier 1780
5714,Dancourt (Florent Carton dit),Notaire obligeant (Le),comédie,3,FALSE,prose,FALSE,21 octobre 1758
5165,Pellegrin (Simon-Joseph),Nouveau monde (Le),comédie,3,TRUE,vers libres,TRUE,
5016,Legrand (Marc-Antoine),Nouveauté (La),comédie,1,FALSE,prose,TRUE,
5781,"Hauteroche (Noël Lebreton, sieur de)",Nouvellistes (Les),comédie,1,FALSE,prose,FALSE,
5344,Destouches,Obstacle imprévu ou l'Obstacle sans obstacle (L'),comédie,5,FALSE,prose,FALSE,
5383,Voltaire (François-Marie Arouet dit),Octave et le jeune Pompée ou le Triumvirat ou Les Triumvirs,tragédie,5,FALSE,vers,FALSE,18 OCTOBRE 1717
5384,Simonet de Maisonneuve (Louis-Jean-Baptiste),Odmard et Zulna,tragédie,5,FALSE,vers,FALSE,5 juillet 1764
5385,Voltaire (François-Marie Arouet dit),Œdipe,tragédie,5,FALSE,vers,FALSE,2 janvier 1788
5811,La Motte (Antoine Houdar de),Œdipe,tragédie,5,FALSE,vers,FALSE,18 septembre 1718
5812,Corneille (Pierre),Œdipe,tragédie,5,FALSE,vers,FALSE,
5386,Ducis (Jean-François),Œdipe chez Admète,tragédie,5,FALSE,vers,FALSE,
5387,Voltaire (François-Marie Arouet dit),Olympie,tragédie,5,FALSE,vers,FALSE,4 décembre 1778
5573,Voisenon (Claude-Henri de Fusée de),Ombre de Molière (L'),prologue,1,FALSE,vers,FALSE,17 mars 1764
5574,"Brécourt (Guillaume Marcoureau, sieur de Brécourt, dit)",Ombre de Molière (L'),comédie,1,FALSE,prose,TRUE,
5345,La Salle (Adrien-Nicolas),"Oncle et les Tantes, ou Chacun sa folie (L')",comédie,3,FALSE,vers,FALSE,
5575,Dancourt (Florent Carton dit),Opéra de village (L'),comédie,1,FALSE,prose,TRUE,25 NOVEMBRE 1785
5576,Anonyme,Opérateur (L'),comédie,1,FALSE,,TRUE,
5577,Dancourt (Florent Carton dit),Opérateur Barry (L'),comédie,1,TRUE,prose,TRUE,
5578,Brueys (David-Augustin de),Opiniâtre (L'),comédie,3,FALSE,vers,FALSE,
5346,Collin d'Harleville (Jean-François),Optimiste ou l'Homme content de tout (L'),comédie,5,FALSE,vers,FALSE,
5347,Saint-Foix (Germain-François Poullain de),Oracle (L'),comédie,1,FALSE,prose,TRUE,
5579,Moncrif (François-Augustin Paradis de),Oracle de Delphes (L'),comédie,3,FALSE,vers,FALSE,29 mars 1740 (Cour)/ 02 avril 1740 CF
5388,Voltaire (François-Marie Arouet dit),Oreste,tragédie,5,FALSE,vers,FALSE,
5813,"Boyer (Claude, abbé) ; Le Clerc (Michel)",Oreste,tragédie,5,FALSE,vers,FALSE,12 janvier 1750
5814,La Grange-Chancel (François-Joseph de),Oreste et Pylade,tragédie,5,FALSE,vers,FALSE,
5291,Fagan (Barthélemy-Christophe),Originaux (Les) - Troisième partie des Caractères de Thalie,comédie,1,FALSE,prose,TRUE,
5389,Blin de Sainmore (Adrien-Michel-Hyacinthe),Orphanis,tragédie,5,FALSE,vers,FALSE,18 JUILLET 1737
5349,Longueil (Charles-Henri de),Orphelin anglais (L'),drame,3,FALSE,prose,FALSE,25 septembre 1773
5350,Voltaire (François-Marie Arouet dit),Orphelin de la Chine (L'),tragédie,5,FALSE,vers,FALSE,
5113,Bret (Antoine),Orpheline ou le Faux généreux (L'),comédie,3,FALSE,vers,FALSE,
5815,Corneille (Pierre),Othon,tragédie,5,FALSE,vers,FALSE,
5816,Saint-Foix (Germain-François Poullain de),Pandore,comédie,1,FALSE,vers,TRUE,12/6/1743
5292,Legrand (Marc-Antoine),Paniers ou la Vieille précieuse (Les) ou La Vieille Précieuse,comédie,1,FALSE,prose,TRUE,
5817,Pousset de Montauban (Jacques),Panurge ou Les Aventures et le mariage de Panurge,comédie,5,FALSE,,TRUE,
5715,Tristan L'Hermite,Parasite (Le),comédie,5,FALSE,vers,FALSE,
5716,"Launay, De",Paresseux (Le),comédie,3,TRUE,vers,FALSE,
5717,Champmeslé (Charles Chevillet dit),Parisien (Le),comédie,5,FALSE,vers,FALSE,
5017,Dancourt (Florent Carton dit),Parisienne (La),comédie,1,FALSE,prose,FALSE,
5391,Mailhol (Gabriel),Paros,tragédie,5,FALSE,vers,FALSE,
5018,Collé (Charles),Partie de chasse de Henri IV (La),comédie,3,FALSE,prose,FALSE,21 janvier 1754
5718,Pellegrin (Simon-Joseph),Pastor-fido (Le),pastorale héroïque,3,TRUE,vers,FALSE,
5392,Dezède (Nicolas),Paulin et Clairette ou les Deux espiègles,comédie-opéra,2,FALSE,prose,TRUE,
5393,"Claret de Fleurieu (Aglaé Deslacs, comtesse)",Pauline,comédie,2,FALSE,vers,FALSE,5 janvier 1792
5818,Pellegrin (Simon-Joseph),Pélopée,tragédie,5,FALSE,vers,FALSE,2 juillet 1791
5167,Diderot (Denis),Père de famille (Le),comédie - drame,5,FALSE,prose,FALSE,22 janvier 1684
5168,Cérou (Pierre),Père désabusé (Le),comédie,1,FALSE,prose,FALSE,
5719,Pellegrin (Simon-Joseph),Père intéressé ou les Vrais amis (Le),comédie,5,FALSE,vers,FALSE,
5720,Anonyme,Père supposé (Le),comédie,1,FALSE,,FALSE,
5169,Billardon de Sauvigny (Edme-Louis),Persifleur (Le),comédie,3,FALSE,vers,FALSE,
5019,Boissy (Louis de),Péruvienne (La),comédie,5,FALSE,vers libres,FALSE,
5721,Raisin (Jacques),Petit homme de la foire (Le),comédie,1,FALSE,prose,FALSE,
5722,Anonyme,Petit maître de campagne ou le Vicomte de Génicourt (Le),comédie,1,FALSE,prose,FALSE,5 JUIN 1740
5723,Marivaux (Pierre de),Petit-maître corrigé (Le),comédie,3,FALSE,prose,FALSE,
5782,Anonyme,Petits Maîtres d'été (Les),comédie,1,FALSE,prose,FALSE,
5820,Boursault (Edme),Phaéton,comédie,5,FALSE,vers,FALSE,
5395,La Harpe (Jean François de),Pharamond,tragédie,5,FALSE,vers,FALSE,
5821,Cahusac (Louis de),Pharamond,tragédie,5,FALSE,vers,FALSE,
5396,Racine (Jean),Phèdre et Hippolyte ou Phèdre,tragédie,5,FALSE,vers,FALSE,14 août 1765
5170,Legrand (Marc-Antoine),Philanthrope ou l'Ami de tout le monde (Le),comédie,1,FALSE,prose,TRUE,
5171,Fabre d'Églantine (Philippe-François-Nazaire),Philinte de Molière ou la Suite du Misanthrope (Le),comédie,5,FALSE,vers,FALSE,
5397,Châteaubrun (Jean-Baptiste Vivien de),Philoctète,tragédie,5,FALSE,vers,FALSE,
5398,La Harpe (Jean François de),Philoctète,tragédie,3,FALSE,vers,FALSE,
5172,Destouches,Philosophe marié ou le Mari honteux de l'être (Le),comédie,5,FALSE,vers,FALSE,1e mars 1755
5173,Sedaine (Michel-Jean),Philosophe sans le savoir (Le),comédie,5,FALSE,prose,FALSE,16 juin 1783
5293,Palissot de Montenoy (Charles),Philosophes (Les ),comédie,3,FALSE,vers,FALSE,
5783,Destouches (Philippe Néricault dit),Philosophes amoureux (Les),comédie,5,FALSE,vers,FALSE,
5822,Campistron (Jean Galbert de),Phocion,tragédie,5,FALSE,vers,FALSE,2 MAI 1760
5020,"La Montagne (Pierre, baron de)",Physicienne (La),comédie,1,FALSE,vers,FALSE,
5399,Belloy (Pierre Laurent de),Pierre le cruel,tragédie,5,FALSE,vers,FALSE,
5400,Dorat (Claude-Joseph),Pierre le Grand,tragédie,5,FALSE,vers,FALSE,
5635,Corneille (Thomas) ; Donneau de Visé (Jean),Pierre Philosophale (La),comédie,5,FALSE,,TRUE,20 mai 1772
5784,Poisson (Raymond),Pipeurs ou les Femmes coquettes (Les),comédie,5,FALSE,vers,FALSE,1e décembre 1779
5294,Racine (Jean),Plaideurs (Les),comédie,5,FALSE,vers,FALSE,
5174,Marchadier (Abbé),Plaisir (Le),comédie,1,FALSE,vers libres,TRUE,
5823,Legrand (Marc-Antoine),Plutus,comédie,3,FALSE,vers,TRUE,
5724,Lesage (Alain-René),Point d'honneur (Le),comédie,5,FALSE,prose,FALSE,
5826,La Fosse (Antoine de),Polixène,tragédie,5,FALSE,vers,FALSE,
5824,Pellegrin (Simon-Joseph),Polydore,tragédie,5,FALSE,vers,FALSE,
5401,Corneille (Pierre),"Polyeucte, martyr ",tragédie,5,FALSE,vers,FALSE,
5825,Genest (Charles-Claude),Polymneste ou Polymnestre,tragédie,5,FALSE,vers,FALSE,
5175,Boindin (Nicolas),Port de mer (Le),comédie,1,FALSE,prose,TRUE,
5176,Brousse-Desfaucherets (Jean-Louis),Portrait ou le Danger de tout dire (Le),comédie,1,FALSE,vers,FALSE,
5725,Boissy (Louis de),Pouvoir de la sympathie (Le),comédie,3,FALSE,vers,FALSE,
5295,Molière (Jean-Baptiste Poquelin dit),Précieuses ridicules (Les),comédie,1,FALSE,prose,TRUE,
5177,La Chaussée (Pierre-Claude),Préjugé à la mode (Le),comédie,5,FALSE,vers,FALSE,
5178,Marivaux (Pierre de),Préjugé vaincu (Le),comédie,1,FALSE,prose,FALSE,
5179,Fabre d'Églantine (Philippe-François-Nazaire),Présomptueux ou l'Heureux imaginaire (Le),comédie,5,FALSE,vers,FALSE,
5726,Aigueberre (Jean Dumas d'),Prince de Noisy (Le),comédie héroïque,3,TRUE,prose,TRUE,
5021,Molière (Jean-Baptiste Poquelin dit),Princesse d'Élide (La),comédie-ballet,5,TRUE,prose,TRUE,
5180,Parisau (Pierre-Germain),Prix académique (Le),comédie,1,FALSE,vers,FALSE,
5727,Dancourt (Florent Carton dit),Prix de l'arquebuse (Le),comédie,1,FALSE,prose,TRUE,
5728,Fuzelier (Louis),Procès des Sens (Le),comédie,1,FALSE,vers,FALSE,
5181,Poisson (Philippe),Procureur arbitre (Le),comédie,1,FALSE,vers,FALSE,
5636,Anonyme,Provençale (La),comédie,1,FALSE,,FALSE,
5637,"Palaprat (Jean de, sieur de Bigot)",Prude du temps (La),comédie,5,FALSE,vers,FALSE,
5827,Molière (Jean-Baptiste Poquelin dit),Psyché,tragédie,5,TRUE,vers,TRUE,
5638,Guérin d'Estriché (Nicolas-Armand-Martial),Psyché de village (La),comédie,4,TRUE,prose,TRUE,
5402,Rousseau (Jean-Jacques),Pygmalion,scène lyrique,,FALSE,prose,TRUE,
5403,Poinsinet de Sivry (Louis),Pygmalion,comédie,1,FALSE,prose,FALSE,
5404,Mauduit-Larive (Jean),Pyrame et Thisbé,scène lyrique,2,FALSE,prose,TRUE,30 octobre 1775
5828,Pradon (Nicolas),Pyrame et Thisbé,comédie,5,FALSE,vers,FALSE,13 décembre 1760
5405,Crébillon (Prosper Jolyot de),Pyrrhus,tragédie,5,FALSE,vers,FALSE,2 juin 1783
5406,Bret (Antoine) ; Godard d'Aucour (Claude) ; Villaret (Claude),Quartier d'hiver (Le),comédie,1,FALSE,prose,TRUE,
5182,Molé (François-René),Quiproquo (Le),comédie,1,FALSE,prose,FALSE,22 avril 1726
5829,La Fontaine (Jean de),Ragotin ou le Roman comique,comédie,5,FALSE,vers,FALSE,4 décembre 1744
5729,"La Grange (ou Lagrange, Nicolas [de])",Rajeunissement inutile (Le),comédie,3,FALSE,vers,TRUE,
5639,"Robbe, Jacques",Rapinière ou l'intéressé (La),comédie,5,FALSE,vers,FALSE,
5407,Sedaine (Michel-Jean),"Raymond V, comte de Toulouse ou le Troubadour",comédie héroïque,5,FALSE,prose,FALSE,
5023,Du Fresny (Charles),Réconciliation normande (La),comédie,5,FALSE,vers,FALSE,
5024,Desfontaines (François-Georges),Réduction de Paris (La),pièce héroïque,3,FALSE,prose,FALSE,22 septembre 1789
5408,Dorat (Claude-Joseph),Régulus,tragédie,3,FALSE,vers,FALSE,
5830,Pradon (Nicolas),Régulus,tragédie,5,FALSE,vers,FALSE,
5785,L'Affichard (Thomas); Allainval (Léonor-Jean-Christine Soulas d'),Réjouissances publiques ou le Gratis (Les),comédie,1,FALSE,prose,TRUE,31 juillet 1773
5831,Dancourt (Florent Carton dit),Renaud et Armide,comédie,1,FALSE,prose,TRUE,
5640,L'Affichard (Thomas),"Rencontre imprévue, ou la Surprise des amants (La)",comédie,3,FALSE,prose,FALSE,
5730,La Fontaine (Jean de),Rendez-vous (Le),comédie,1,FALSE,vers,FALSE,
5731,Baron (Michel Boyron dit),Rendez-vous des Tuileries ou le Coquet trompé (Le),comédie,3,TRUE,prose,TRUE,
5183,André-Murville (Pierre-Nicolas),Rendez-vous du mari ou le Mari à la mode (Le),comédie,1,FALSE,vers,FALSE,
5184,Fagan (Barthélemy-Christophe),Rendez-vous ou l'Amour supposé (Le),comédie,1,FALSE,vers,FALSE,
5641,Baron (Michel Boyron dit),Répétition (La),comédie,1,FALSE,,FALSE,
5297,"Bièvre (François-Georges Maréchal, marquis de)",Réputations (Les),comédie,5,FALSE,vers,FALSE,
5025,Forgeot (Nicolas-Julien),Ressemblance (La),comédie,3,FALSE,vers,FALSE,
5732,Voisenon (Claude-Henri de Fusée de),Retour de l'Ombre de Molière (Le),comédie,1,FALSE,vers,FALSE,23 janvier 1788
5185,Dancourt (Florent Carton dit),Retour des officiers (Le),comédie,1,FALSE,prose,TRUE,
5186,Ségur (Joseph-Alexandre de),Retour du mari (Le),comédie,1,FALSE,vers,FALSE,
5187,Regnard (Jean-François),Retour imprévu (Le),comédie,1,FALSE,prose,FALSE,
5643,Marivaux (Pierre de),Réunion des amours (La),comédie héroïque,1,FALSE,prose,FALSE,
5733,Poisson (Philippe),Réveil d'Épiménide (Le),comédie,3,TRUE,vers,FALSE,
5188,Carbon de Flins Des Oliviers (Claude-Marie-Louis-Emmanuel),Réveil d'Épiménide à Paris (Le),comédie,1,FALSE,vers,FALSE,
5409,Crébillon (Prosper Jolyot de),Rhadamiste et Zénobie,tragédie,5,FALSE,vers,FALSE,
5410,Durosoy (Barnabé Farmian),Richard III,tragédie,5,FALSE,vers,FALSE,
5411,Laignelot (Joseph François),Rienzi,tragédie,5,FALSE,vers,FALSE,23 janvier 1711
4988,La Chaussée (Pierre-Claude),Rival de lui-même ou la Fête interrompue (Le),comédie,1,TRUE,vers libres,TRUE,6 juillet 1781
5734,Anonyme,Rival de son maître (Le),comédie,5,FALSE,vers,FALSE,2 mars 1791
5735,Desforges,Rival secrétaire (Le),comédie,1,TRUE,vers,FALSE,
5189,Saint-Foix (Germain-François Poullain de),Rival supposé (Le),comédie,1,FALSE,prose,FALSE,
5026,Rousseau (Pierre de Toulouse),Rivale suivante (La),comédie,1,TRUE,vers,FALSE,
5298,Imbert (Barthélemy),Rivaux (Les),comédie,5,FALSE,vers,FALSE,
5299,Forgeot (Nicolas-Julien),Rivaux amis (Les),comédie,1,FALSE,vers,FALSE,
5786,Anonyme,Rivaux d'eux-mêmes (Les),comédie,1,FALSE,vers,FALSE,18 décembre 1787
5412,Corneille (Pierre),"Rodogune ou Rodogune, princesse des Parthes",tragédie,5,FALSE,vers,FALSE,13 novembre 1782
5190,Legrand (Marc-Antoine),Roi de Cocagne (Le),comédie,3,TRUE,vers libres,TRUE,
5191,Ducis (Jean-François),Roi Lear (Le),tragédie,5,FALSE,vers,FALSE,
5413,Voltaire (François-Marie Arouet dit),Rome sauvée ou Catilina ou Rome Sauvée,tragédie,5,FALSE,vers,FALSE,
5414,Ducis (Jean-François),Roméo et Juliette,tragédie,5,FALSE,vers,FALSE,
5832,La Motte (Antoine Houdar de),Romulus,tragédie,5,FALSE,vers,FALSE,24 février 1752
5415,Ségur (Joseph-Alexandre de),Rosaline et Floricourt,comédie,3,FALSE,vers libres,FALSE,27 juillet 1772
5416,Dorat (Claude-Joseph),Roséïde ou l'Intrigant,comédie,5,FALSE,vers,FALSE,
5417,Simonet de Maisonneuve (Louis-Jean-Baptiste),Roxelane et Mustapha,tragédie,5,FALSE,vers,FALSE,17 novembre 1787
5644,Champmeslé (Charles Chevillet dit),Rue Saint-Denis (La),comédie,1,FALSE,prose,FALSE,2 octobre 1779
5027,"Delorme (Madame, pseudonyme de Marc-Antoine Legrand)",Rupture ou le Malentendu (La),comédie,1,FALSE,vers,FALSE,6 juin 1785
5028,"Rousseau (Pierre, de Toulouse)",Ruse inutile (La),comédie,1,FALSE,vers libres,FALSE,
5300,Poisson (Philippe),Ruses d'Amour (Les),comédie,3,FALSE,vers,FALSE,
5833,Richer (Henri),Sabinus et Éponine,tragédie,5,FALSE,vers,FALSE,
5192,Boissy (Louis de),Sage étourdi (Le) ou L'Homme indépendant,comédie,3,FALSE,vers,FALSE,30 avril 1736
5834,Du Fresny (Charles),Sancho Pança,comédie,3,FALSE,prose,TRUE,
5835,Dancourt (Florent Carton dit),Sancho Pança gouverneur,comédie,5,FALSE,vers,TRUE,7/14/1745
5193,Palissot de Montenoy (Charles),Satirique ou l'Homme dangereux (Le),comédie,3,FALSE,vers,FALSE,
5836,Nadal (Augustin),Saül,tragédie,5,FALSE,vers,FALSE,
5418,Dubuisson (Pierre-Ulric),Scanderberg,tragédie,5,FALSE,vers,FALSE,
5838,Pradon (Nicolas),Scipion l'Africain,tragédie,5,FALSE,vers,FALSE,9 mai 1786
5301,Voltaire (François-Marie Arouet dit),Scythes (Les),tragédie,5,FALSE,vers,FALSE,
5736,Dancourt (Florent Carton dit),"Second chapitre du ""Diable boiteux"" (Le)",comédie,2,TRUE,prose,TRUE,
5029,Marivaux (Pierre de),Seconde surprise de l'amour (La),comédie,3,FALSE,prose,FALSE,26 mars 1767
5737,"Palaprat (Jean de, sieur de Bigot)",Secret révélé (Le),comédie,1,FALSE,prose,FALSE,
5194,"Bièvre (François-Georges Maréchal, marquis de)",Séducteur (Le),comédie,5,FALSE,vers,FALSE,
5738,Montfleury (Antoine Jacob dit),Semblable à soi-même (Le),comédie,1,FALSE,vers,FALSE,
5420,Voltaire (François-Marie Arouet dit),Sémiramis,tragédie,5,FALSE,vers,FALSE,
5839,Gomez (Madeleine-Angélique de),Sémiramis,tragédie,5,FALSE,vers,FALSE,
5840,Crébillon (Prosper Jolyot de),Sémiramis,tragédie,5,FALSE,vers,FALSE,29 août 1748
5030,Regnard (Jean-François),Sérénade (La),comédie,1,FALSE,prose,TRUE,
5787,Marivaux (Pierre de),Serments indiscrets (Les),comédie,5,FALSE,prose,FALSE,
5421,Corneille (Pierre),Sertorius,tragédie,5,FALSE,vers,FALSE,
5841,Longepierre (Hilaire-Bernard de),Sésostris,tragédie,5,FALSE,vers,FALSE,
5422,Molière (Jean-Baptiste Poquelin dit),Sganarelle ou le Cocu imaginaire,comédie,1,FALSE,vers,FALSE,
5195,Molière (Jean-Baptiste Poquelin dit),Sicilien ou l'Amour peintre (Le),comédie-ballet,1,FALSE,prose,TRUE,
5423,Gresset (Jean-Baptiste-Louis),Sidney,comédie,3,FALSE,vers,FALSE,
5196,Belloy (Pierre Laurent de),Siège de Calais (Le),tragédie,5,FALSE,vers,FALSE,
5788,Anonyme,Sœurs rivales (Les),comédie,1,FALSE,vers,FALSE,3 mai 1745
5031,Lourdet de Santerre (Jean-Baptiste),Soirée d'une vieille femme (La),comédie,2,FALSE,prose,FALSE,
5842,"La Tuillerie La Tuillerie (Jean-François Juvenon de La Tuillerie, dit)",Soliman,tragédie,5,FALSE,vers,FALSE,
5197,"Pont-de-Veyle (Antoine de Fériol, comte de)",Somnambule (Le),comédie,1,FALSE,prose,FALSE,
5424,Voltaire (François-Marie Arouet dit),Sophonisbe,tragédie,5,FALSE,vers,FALSE,
5843,La Grange-Chancel (François-Joseph de),Sophonisbe,tragédie,5,FALSE,vers,FALSE,
5865,Corneille (Pierre),Sophonisbe,tragédie,5,FALSE,vers,FALSE,15 janvier 1774
5739,Brueys (David-Augustin de),Sot toujours sot ou le Marquis paysan (Le),comédie,1,FALSE,prose,FALSE,
5337,Laujon (Pierre),Soubrettes (Les),comédie,5,FALSE,prose,FALSE,
5302,Valois d'Orville (Adrien-Joseph de) ; Dubois,Souhaits pour le roi (Les),comédie,1,FALSE,vers libres,TRUE,
5198,André-Murville (Pierre-Nicolas),Souper magique ou les Deux siècles (Le),comédie épisodique,1,FALSE,vers,TRUE,24 SEPTEMBRE 1777
5740,"Hauteroche (Noël Lebreton, sieur de)",Souper mal apprêté (Le),comédie,1,FALSE,vers,FALSE,30 août 1745
5425,Saurin (Bernard-Joseph),Spartacus,tragédie,5,FALSE,vers,FALSE,
5844,Corneille (Thomas),Stilicon,tragédie,5,FALSE,vers,FALSE,
5645,Audierne (Jacques),Suivante désintéressée (La),comédie,1,TRUE,prose,FALSE,20 février 1760
5845,Corneille (Pierre),"Suréna, général des Parthes",tragédie,5,FALSE,vers,FALSE,
5032,Marivaux (Pierre de),Surprise de l'amour (La),comédie,3,FALSE,prose,FALSE,
5741,La Motte (Antoine Houdar de),Talisman (Le),comédie,1,FALSE,prose,TRUE,
5199,Destouches,Tambour nocturne ou le Mari devin (Le),comédie,5,FALSE,prose,FALSE,
5426,Voltaire (François-Marie Arouet dit),Tancrède,tragédie,5,FALSE,vers,FALSE,
5033,Martel,Tarentule (La),comédie,1,FALSE,prose,TRUE,
5846,Pradon (Nicolas),Tarquin,tragédie,5,FALSE,vers,FALSE,3 septembre 1760
5427,Molière (Jean-Baptiste Poquelin dit),Tartuffe ou l'Imposteur,comédie,5,FALSE,vers,FALSE,
5847,Morand (Pierre de),Téglis,tragédie,5,FALSE,vers,FALSE,
5848,La Chapelle (Jean de),Téléphonte,tragédie,5,FALSE,vers,FALSE,
5742,Legrand (Marc-Antoine),Temps présent ou le Triomphe du temps présent (Le),comédie,1,FALSE,prose,TRUE,
5428,Le Mierre (Antoine-Marin),Térée,tragédie,5,FALSE,vers,FALSE,
5429,Renou (Antoine),Térée et Philomèle,tragédie,5,FALSE,vers,FALSE,
5430,Dorat (Claude-Joseph),Théagène ou Théagène et Cariclée,tragédie,5,FALSE,vers,FALSE,25 mai 1761
5646,Racine (Jean),Thébaïde ou les Frères ennemis (La),tragédie,5,FALSE,vers,FALSE,3 juillet 1773
5849,Lebrun (Denise),Thélamire,tragédie,5,FALSE,vers,FALSE,2 mars 1763
5850,La Fosse (Antoine de),Thésée,tragédie,5,FALSE,vers,FALSE,
5852,Pellegrin (Simon-Joseph),Tibère,tragédie,5,FALSE,vers,FALSE,
5431,Fallet (Nicolas),Tibère et Sérénus,tragédie,5,FALSE,vers,FALSE,
5432,La Harpe (Jean François de),Timoléon,tragédie,5,FALSE,vers,FALSE,
5853,"Brécourt (Guillaume Marcoureau, sieur de Brécourt, dit)",Timon,comédie,1,FALSE,vers,FALSE,23 août 1782
5855,Campistron (Jean Galbert de),Tiridate,tragédie,5,FALSE,vers,FALSE,1e août 1764
5647,Corneille (Pierre),Toison d'or (La),tragédie,5,TRUE,vers,TRUE,
5201,Desfontaines (François-Georges),Tombeau de Désilles (Le),pièce,1,FALSE,prose,FALSE,
5851,Barbier (Marie-Anne),Tomyris,tragédie,5,FALSE,vers,FALSE,
5854,Lesage (Alain-René),Tontine (La),comédie,1,FALSE,prose,FALSE,03 DECEMBRE 1790
5648,Auvigny (Jean du Castre d'),Tragédie en prose ou la Tragédie extravagante (La),comédie,1,FALSE,prose,TRUE,
5649,Dancourt (Florent Carton dit),Trahison punie (La),comédie,5,FALSE,vers,FALSE,
5202,Landon (Joseph),Tribunal de l'amour (Le),comédie,1,FALSE,vers libres,TRUE,
5743,Anonyme,Triomphe de l'hiver (Le),comédie,1,FALSE,prose,FALSE,
5203,Legrand (Marc-Antoine),Triomphe du temps (Le),divertissement comique,3,TRUE,prose,TRUE,
5205,Crébillon (Prosper Jolyot de),Triumvirat ou la Mort de Cicéron (Le),tragédie,5,FALSE,vers,FALSE,
5305,Boindin (Nicolas) ; La Motte (Antoine Houdar de),Trois Gascons (Les),comédie,1,FALSE,prose,TRUE,18 octobre 1700
5306,Dezède (Nicolas),Trois noces (Les),comédie champêtre,1,FALSE,prose,TRUE,4 FEVRIER 1713
5789,Aigueberre (Jean Dumas d'),"Trois spectacles (Les) ou Polixène, tragédie, L'Avare amoureux, comédie et Pan et Doris, pastorale héroïque",tragédie-comédie-pastorale héroïque,3,TRUE,prose / vers, TRUE,4 JUIN 1701
5307,Châteaubrun (Jean-Baptiste Vivien de),Troyennes (Les),tragédie,5,FALSE,vers,FALSE,23 février 1790
5433,Lesage (Alain-René),Turcaret,comédie,5,FALSE,prose,FALSE,
5208,Cailhava de L'Estandoux (Jean-François),Tuteur dupé (Le) ou La Maison à deux portes,comédie,5,FALSE,prose,FALSE,14 février 1709
5308,Palissot de Montenoy (Charles),Tuteurs (Les) ou Les Trois tuteurs,comédie,2,FALSE,vers,FALSE,
5790,Danchet (Antoine),Tyndarides (Les),tragédie,5,FALSE,vers,FALSE,
5580,Corneille (Thomas) ; Donneau de Vizé (Jean),Usurier (L'),comédie,5,FALSE,vers,FALSE,2 août 1754
5354,Legrand (Marc-Antoine),Usurier gentilhomme (L'),comédie,1,FALSE,prose,TRUE,
5791,Anonyme,Usuriers (Les),comédie,1,FALSE,vers,FALSE,
5309,Dancourt (Florent Carton dit),Vacances (Les),comédie,1,FALSE,prose,TRUE,
5856,Riupeirous (Théodore de),Valérien,tragédie,5,FALSE,vers,FALSE,
5034,Moissy (Alexandre-Guillaume de),Valet maître (Le),comédie,3,FALSE,vers,FALSE,31 août 1696
5310,Rochon de Chabannes (Marc-Antoine-Jacques),Valets maîtres de la maison ou le Tour de carnaval (Les),comédie,1,FALSE,prose,FALSE,
5434,Linant (Nicolas-Michel),"Vanda, reine de Pologne",tragédie,5,FALSE,vers,FALSE,
5435,"Grave (Jean Hyacinthe, vicomte de)",Varon,tragédie,5,FALSE,vers,FALSE,11 février 1768
5857,Dupuy,Varron,comédie,5,FALSE,vers,FALSE,17 mai 1747
5744,La Fontaine (Jean de),Veau perdu (Le),comédie,1,FALSE,prose,FALSE,20 décembre 1751
5436,Rotrou (Jean de),Venceslas,tragédie,5,FALSE,vers,FALSE,
5311,Dancourt (Florent Carton dit),Vendanges de Suresnes (Les),comédie,1,FALSE,prose,TRUE,
5650,Jolly (François-Antoine),Vengeance de l'amour (La),comédie,5,FALSE,vers,FALSE,
5437,La Place (Pierre-Antoine de),Venise sauvée,tragédie,5,FALSE,vers,FALSE,15 octobre 1695
5745,Dancourt (Florent Carton dit),Vert galant (Le),comédie,1,FALSE,prose,TRUE,
5209,La Place (Pierre-Antoine de),Veuvage trompeur (Le),comédie,3,FALSE,vers,FALSE,5 décembre 1746
5035,Collé (Charles),Veuve (La),comédie,1,FALSE,prose,FALSE,
5651,Champmeslé (Charles Chevillet dit),Veuve (La),comédie,1,FALSE,prose,FALSE,
5036,Le Mierre (Antoine-Marin),Veuve du Malabar ou l'Empire des coutumes (La),tragédie,5,FALSE,vers,FALSE,
5312,Boutet de Monvel (Jacques-Marie),Victimes cloîtrées (Les),drame,4,FALSE,prose,FALSE,
5746,Donneau de Vizé (Jean),"Vieillard couru ou les Différents caractères des femmes (Le)",comédie,5,FALSE,prose,FALSE,
5210,Collin d'Harleville (Jean-François),Vieux célibataire (Le),comédie,5,FALSE,vers,FALSE,
5211,Dubuisson (Pierre-Ulric),Vieux garçon (Le),comédie,5,FALSE,vers,FALSE,
5212,Dudoyer de Gastels (Gérard),Vindicatif (Le),drame,5,FALSE,vers libres,FALSE,24 FEVRIER 1792
5438,La Harpe (Jean François de),Virginie,tragédie,5,FALSE,vers,FALSE,16 DECEMBRE 1782
5858,Campistron (Jean Galbert de),Virginie,tragédie,5,FALSE,vers,FALSE,2 JUILLET 1774
5439,Doigny du Ponceau,Virginie ou la Destruction des Décemvirs,tragédie,3,FALSE,vers,FALSE,11 juillet 1786
5792,Desmarets de Saint-Sorlin (Jean),Visionnaires (Les),comédie,5,FALSE,vers,FALSE,
5313,Vadé (Jean-Joseph),Visites du jour de l'an (Les),comédie,1,FALSE,vers libres,TRUE,31 août 1791
5037,Vigée (Louis-Jean-Baptiste-Étienne),Vivacité à l'épreuve (La),comédie,3,FALSE,vers,FALSE,
5747,"Longchamp (Charlotte Legrand, épouse Pitel de)",Voleur ou Titapapouf (Le),comédie,1,FALSE,prose,FALSE,3 janvier 1749
5859,Belin (François),"Vononez, roi des Parthes",tragédie,5,FALSE,vers,FALSE,
5652,Boisrobert (François Le Métel de),Vraie Didon ou La Didon chaste (La),tragédie,5,FALSE,vers,FALSE,
5440,Billardon de Sauvigny (Edme-Louis),Washington ou la Liberté du Nouveau monde,tragédie,4,FALSE,vers,FALSE,
5860,Crébillon (Prosper Jolyot de),Xerxès ou Xercès,tragédie,5,FALSE,vers,FALSE,
5861,La Chapelle (Jean de),Zaïde,tragédie,5,FALSE,vers,FALSE,13 juillet 1791
5441,Voltaire (François-Marie Arouet dit),Zaïre,tragédie,5,FALSE,vers,FALSE,
5442,Palissot de Montenoy (Charles),Zarès,tragédie,5,FALSE,vers,FALSE,
5443,Cordier de Saint-Firmin (Edmond),Zarucma,tragédie,5,FALSE,vers,FALSE,13 août 1732
5444,Renout (Jean-Julien-Constantin),Zélide ou l'Art d'aimer et l'art de plaire,comédie,1,FALSE,vers libres,TRUE,3 juin 1751
5445,Belloy (Pierre Laurent de),Zelmire,tragédie,5,FALSE,vers,FALSE,17 mars 1762
5862,Genest (Charles-Claude),"Zélonide, princesse de Sparte",tragédie,5,FALSE,vers,FALSE,26 juin 1755
5446,Cahusac (Louis de),Zénéïde,comédie,1,FALSE,vers,TRUE,6 mai 1762
5863,Anonyme,Zénobie,tragédie,5,FALSE,vers,FALSE,
5447,Marignié (Jean-Étienne-François),Zoraï ou les Insulaires de Nouvelle-Zélande,tragédie,5,FALSE,vers,FALSE,13 mai 1743
5448,Dorat (Claude-Joseph),Zulica,tragédie,5,FALSE,vers,FALSE,
5449,Voltaire (François-Marie Arouet dit),Zulime,tragédie,5,FALSE,vers,FALSE,5 octobre 1782
5450,Lefèvre (Pierre-François-Alexandre),Zuma,tragédie,5,FALSE,vers,FALSE,7 janvier 1760,,